edge_type_id,target_model_id,target_label,source_label,weight_max,weight_func,weight_sigma,distance_range,target_sections,delay,params_file
100,100000101,LIFe5Rbp4,e5Rbp4,0.0,DirectionRule_EE,30.0,1.5,instanteneousExc.json,,
101,100000101,LIFe5Rbp4,e23Cux2,2.0,DirectionRule_EE,30.0,1.8,instanteneousExc.json,,
102,100000101,LIFe5Rbp4,i6Pvalb,0.0,DirectionRule_others,90.0,0.9,instanteneousInh.json,,
103,100000101,LIFe5Rbp4,e4Scnn1a,0.3180164835022387,DirectionRule_EE,30.0,1.5,instanteneousExc.json,,
104,100000101,LIFe5Rbp4,i23Pvalb,2.0,DirectionRule_others,90.0,0.9,instanteneousInh.json,,
105,100000101,LIFe5Rbp4,e4other,0.12651956476087514,DirectionRule_EE,30.0,1.5,instanteneousExc.json,,
106,100000101,LIFe5Rbp4,i5Pvalb,0.8022809350848676,DirectionRule_others,90.0,0.9,instanteneousInh.json,,
107,100000101,LIFe5Rbp4,i4Pvalb,0.0,DirectionRule_others,90.0,0.9,instanteneousInh.json,,
108,100000101,LIFe5Rbp4,LIFe4Rorb,0.754935587824297,DirectionRule_EE,30.0,1.5,instanteneousExc.json,,
109,100000101,LIFe5Rbp4,e4Rorb,0.1119934460060303,DirectionRule_EE,30.0,1.5,instanteneousExc.json,,
110,100000101,LIFe5Rbp4,i4Sst,0.8022809350848676,DirectionRule_others,90.0,1.5,instanteneousInh.json,,
111,100000101,LIFe5Rbp4,e4Nr5a1,0.1119934460060303,DirectionRule_EE,30.0,1.5,instanteneousExc.json,,
112,100000101,LIFe5Rbp4,e5noRbp4,0.754935587824297,DirectionRule_EE,30.0,1.5,instanteneousExc.json,,
113,100000101,LIFe5Rbp4,e6Ntsr1,0.8774652013512428,DirectionRule_EE,30.0,3.5,instanteneousExc.json,,
114,100000101,LIFe5Rbp4,i6Htr3a,0.15522180654829035,DirectionRule_others,90.0,1.5,instanteneousInh.json,,
115,100000101,LIFe5Rbp4,e4Rorb,0.15522180654829035,DirectionRule_others,90.0,1.5,instanteneousInh.json,,
116,100000101,LIFe5Rbp4,i23Sst,0.5411400527326888,DirectionRule_others,90.0,1.5,instanteneousInh.json,,
117,100000101,LIFe5Rbp4,i6Htr3a,1.6937355950834674,DirectionRule_others,90.0,1.5,instanteneousInh.json,,
118,100000101,LIFe5Rbp4,i5Htr3a,0.0,DirectionRule_others,90.0,1.5,instanteneousInh.json,,
119,100000101,LIFe5Rbp4,i6Sst,0.12651956476087514,DirectionRule_others,90.0,1.5,instanteneousInh.json,,
120,100000101,LIFe5Rbp4,i5Sst,0.7539659700455513,DirectionRule_others,90.0,1.5,instanteneousInh.json,,
121,100000101,LIFe5Rbp4,LIFe5Rbp4,0.15522180654829035,DirectionRule_EE,30.0,1.5,instanteneousExc.json,,
122,100000101,LIFe5Rbp4,LIFe23Cux2,0.0,DirectionRule_EE,30.0,1.8,instanteneousExc.json,,
123,100000101,LIFe5Rbp4,LIFi6Pvalb,0.7539659700455513,DirectionRule_others,90.0,0.9,instanteneousInh.json,,
124,100000101,LIFe5Rbp4,LIFe4Scnn1a,0.12651956476087514,DirectionRule_EE,30.0,1.5,instanteneousExc.json,,
125,100000101,LIFe5Rbp4,LIFi23Pvalb,0.754935587824297,DirectionRule_others,90.0,0.9,instanteneousInh.json,,
126,100000101,LIFe5Rbp4,LIFe4other,1.6937355950834674,DirectionRule_EE,30.0,1.5,instanteneousExc.json,,
127,100000101,LIFe5Rbp4,LIFi5Pvalb,0.8022809350848676,DirectionRule_others,90.0,0.9,instanteneousInh.json,,
128,100000101,LIFe5Rbp4,LIFi4Pvalb,0.12651956476087514,DirectionRule_others,90.0,0.9,instanteneousInh.json,,
129,100000101,LIFe5Rbp4,LIFe4Rorb,1.0726850375532446,DirectionRule_EE,30.0,1.5,instanteneousExc.json,,
130,100000101,LIFe5Rbp4,i5Htr3a,0.0,DirectionRule_EE,30.0,1.5,instanteneousExc.json,,
131,100000101,LIFe5Rbp4,LIFi4Sst,0.8022809350848676,DirectionRule_others,90.0,1.5,instanteneousInh.json,,
132,100000101,LIFe5Rbp4,LIFe4Nr5a1,1.0726850375532446,DirectionRule_EE,30.0,1.5,instanteneousExc.json,,
133,100000101,LIFe5Rbp4,LIFe5noRbp4,1.0726850375532446,DirectionRule_EE,30.0,1.5,instanteneousExc.json,,
134,100000101,LIFe5Rbp4,LIFe6Ntsr1,0.0,DirectionRule_EE,30.0,3.5,instanteneousExc.json,,
135,100000101,LIFe5Rbp4,LIFi6Htr3a,0.8774652013512428,DirectionRule_others,90.0,1.5,instanteneousInh.json,,
136,100000101,LIFe5Rbp4,LIFi23Sst,0.8774652013512428,DirectionRule_others,90.0,1.5,instanteneousInh.json,,
137,100000101,LIFe5Rbp4,LIFi5Htr3a,0.0,DirectionRule_others,90.0,1.5,instanteneousInh.json,,
138,100000101,LIFe5Rbp4,LIFi6Sst,0.09364848503703474,DirectionRule_others,90.0,1.5,instanteneousInh.json,,
139,100000101,LIFe5Rbp4,LIFi5Sst,0.3180164835022387,DirectionRule_others,90.0,1.5,instanteneousInh.json,,
140,100000101,LIFe5Rbp4,i1Htr3a,1.6937355950834674,DirectionRule_others,90.0,3.8,instanteneousInh.json,,
141,100000101,LIFe5Rbp4,LIFi1Htr3a,0.39775587927999406,DirectionRule_others,90.0,3.8,instanteneousInh.json,,
540,100000102,LIFe23Cux2,e5Rbp4,2.0,DirectionRule_EE,30.0,3.0,instanteneousExc.json,,
541,100000102,LIFe23Cux2,e23Cux2,2.0,DirectionRule_EE,30.0,1.6,instanteneousExc.json,,
542,100000102,LIFe23Cux2,i6Pvalb,0.8774652013512428,DirectionRule_others,90.0,0.9,instanteneousInh.json,,
543,100000102,LIFe23Cux2,e4Scnn1a,1.6937355950834674,DirectionRule_EE,30.0,2.3,instanteneousExc.json,,
544,100000102,LIFe23Cux2,i23Pvalb,1.6937355950834674,DirectionRule_others,90.0,0.9,instanteneousInh.json,,
545,100000102,LIFe23Cux2,e4other,1.6937355950834674,DirectionRule_EE,30.0,2.3,instanteneousExc.json,,
546,100000102,LIFe23Cux2,i4Pvalb,0.12651956476087514,DirectionRule_others,90.0,0.9,instanteneousInh.json,,
548,100000102,LIFe23Cux2,LIFe4Rorb,0.09364848503703474,DirectionRule_EE,30.0,2.3,instanteneousExc.json,,
549,100000102,LIFe23Cux2,e4Rorb,0.5411400527326888,DirectionRule_EE,30.0,2.3,instanteneousExc.json,,
550,100000102,LIFe23Cux2,i4Htr3a,0.7444564566433077,DirectionRule_others,90.0,1.5,instanteneousInh.json,,
551,100000102,LIFe23Cux2,i4Sst,0.0,DirectionRule_others,90.0,1.5,instanteneousInh.json,,
552,100000102,LIFe23Cux2,e4Nr5a1,2.0,DirectionRule_EE,30.0,2.3,instanteneousExc.json,,
553,100000102,LIFe23Cux2,e5noRbp4,0.8774652013512428,DirectionRule_EE,30.0,3.0,instanteneousExc.json,,
554,100000102,LIFe23Cux2,LIFi23Htr3a,0.7539659700455513,DirectionRule_others,90.0,1.5,instanteneousInh.json,,
555,100000102,LIFe23Cux2,i23Htr3a,0.1119934460060303,DirectionRule_others,90.0,1.5,instanteneousInh.json,,
556,100000102,LIFe23Cux2,e4Rorb,0.09364848503703474,DirectionRule_others,90.0,1.5,instanteneousInh.json,,
557,100000102,LIFe23Cux2,i23Sst,0.8774652013512428,DirectionRule_others,90.0,1.5,instanteneousInh.json,,
558,100000102,LIFe23Cux2,LIFi23Htr3a,0.5411400527326888,DirectionRule_others,90.0,1.5,instanteneousInh.json,,
559,100000102,LIFe23Cux2,i5Sst,0.1119934460060303,DirectionRule_others,90.0,1.5,instanteneousInh.json,,
560,100000102,LIFe23Cux2,LIFe5Rbp4,1.6937355950834674,DirectionRule_EE,30.0,3.0,instanteneousExc.json,,
561,100000102,LIFe23Cux2,LIFe23Cux2,0.12651956476087514,DirectionRule_EE,30.0,1.6,instanteneousExc.json,,
563,100000102,LIFe23Cux2,LIFi6Pvalb,2.0,DirectionRule_others,90.0,0.9,instanteneousInh.json,,
564,100000102,LIFe23Cux2,LIFe4Scnn1a,0.5411400527326888,DirectionRule_EE,30.0,2.3,instanteneousExc.json,,
566,100000102,LIFe23Cux2,LIFi23Pvalb,0.8774652013512428,DirectionRule_others,90.0,0.9,instanteneousInh.json,,
567,100000102,LIFe23Cux2,LIFe4other,0.754935587824297,DirectionRule_EE,30.0,2.3,instanteneousExc.json,,
568,100000102,LIFe23Cux2,LIFi4Pvalb,0.8022809350848676,DirectionRule_others,90.0,0.9,instanteneousInh.json,,
569,100000102,LIFe23Cux2,LIFe4Rorb,2.0,DirectionRule_EE,30.0,2.3,instanteneousExc.json,,
570,100000102,LIFe23Cux2,LIFi4Htr3a,1.6937355950834674,DirectionRule_others,90.0,1.5,instanteneousInh.json,,
572,100000102,LIFe23Cux2,LIFi4Sst,0.09364848503703474,DirectionRule_others,90.0,1.5,instanteneousInh.json,,
573,100000102,LIFe23Cux2,LIFe4Nr5a1,0.5411400527326888,DirectionRule_EE,30.0,2.3,instanteneousExc.json,,
574,100000102,LIFe23Cux2,LIFe5noRbp4,2.0,DirectionRule_EE,30.0,3.0,instanteneousExc.json,,
575,100000102,LIFe23Cux2,LIFi23Htr3a,0.3180164835022387,DirectionRule_others,90.0,1.5,instanteneousInh.json,,
576,100000102,LIFe23Cux2,i23Htr3a,0.7539659700455513,DirectionRule_others,90.0,1.5,instanteneousInh.json,,
577,100000102,LIFe23Cux2,LIFi23Sst,2.0,DirectionRule_others,90.0,1.5,instanteneousInh.json,,
580,100000102,LIFe23Cux2,LIFi5Sst,0.754935587824297,DirectionRule_others,90.0,1.5,instanteneousInh.json,,
581,100000102,LIFe23Cux2,i1Htr3a,0.39775587927999406,DirectionRule_others,90.0,3.8,instanteneousInh.json,,
583,100000102,LIFe23Cux2,LIFi1Htr3a,0.3180164835022387,DirectionRule_others,90.0,3.8,instanteneousInh.json,,
621,100000103,LIFi6Pvalb,e5Rbp4,0.8022809350848676,DirectionRule_others,90.0,1.2,instanteneousExc.json,,
622,100000103,LIFi6Pvalb,i6Pvalb,2.0,DirectionRule_others,50.0,1.6,instanteneousInh.json,,
623,100000103,LIFi6Pvalb,i5Pvalb,0.0,DirectionRule_others,50.0,1.6,instanteneousInh.json,,
624,100000103,LIFi6Pvalb,e5noRbp4,0.8022809350848676,DirectionRule_others,90.0,1.2,instanteneousExc.json,,
625,100000103,LIFi6Pvalb,e6Ntsr1,0.754935587824297,DirectionRule_others,90.0,1.2,instanteneousExc.json,,
626,100000103,LIFi6Pvalb,i6Htr3a,0.12651956476087514,DirectionRule_others,50.0,1.5,instanteneousInh.json,,
627,100000103,LIFi6Pvalb,i6Htr3a,0.0,DirectionRule_others,50.0,1.5,instanteneousInh.json,,
628,100000103,LIFi6Pvalb,i5Htr3a,0.8774652013512428,DirectionRule_others,50.0,1.5,instanteneousInh.json,,
629,100000103,LIFi6Pvalb,i6Sst,0.7444564566433077,DirectionRule_others,50.0,1.5,instanteneousInh.json,,
630,100000103,LIFi6Pvalb,i5Sst,0.5411400527326888,DirectionRule_others,50.0,1.5,instanteneousInh.json,,
631,100000103,LIFi6Pvalb,LIFe5Rbp4,0.39775587927999406,DirectionRule_others,90.0,1.2,instanteneousExc.json,,
632,100000103,LIFi6Pvalb,LIFi6Pvalb,0.7444564566433077,DirectionRule_others,50.0,1.6,instanteneousInh.json,,
633,100000103,LIFi6Pvalb,LIFi5Pvalb,0.8022809350848676,DirectionRule_others,50.0,1.6,instanteneousInh.json,,
634,100000103,LIFi6Pvalb,i5Htr3a,0.7444564566433077,DirectionRule_others,90.0,1.2,instanteneousExc.json,,
635,100000103,LIFi6Pvalb,LIFe5noRbp4,2.0,DirectionRule_others,90.0,1.2,instanteneousExc.json,,
636,100000103,LIFi6Pvalb,LIFe6Ntsr1,1.0726850375532446,DirectionRule_others,90.0,1.2,instanteneousExc.json,,
637,100000103,LIFi6Pvalb,LIFi6Htr3a,0.3180164835022387,DirectionRule_others,50.0,1.5,instanteneousInh.json,,
638,100000103,LIFi6Pvalb,LIFi5Htr3a,1.0726850375532446,DirectionRule_others,50.0,1.5,instanteneousInh.json,,
639,100000103,LIFi6Pvalb,LIFi6Sst,0.39775587927999406,DirectionRule_others,50.0,1.5,instanteneousInh.json,,
640,100000103,LIFi6Pvalb,LIFi5Sst,0.7539659700455513,DirectionRule_others,50.0,1.5,instanteneousInh.json,,
645,100000104,LIFe4Scnn1a,e5Rbp4,1.6937355950834674,DirectionRule_EE,30.0,2.5,instanteneousExc.json,,
646,100000104,LIFe4Scnn1a,e23Cux2,0.0,DirectionRule_EE,30.0,1.6,instanteneousExc.json,,
651,100000104,LIFe4Scnn1a,i6Pvalb,0.15522180654829035,DirectionRule_others,90.0,0.9,instanteneousInh.json,,
652,100000104,LIFe4Scnn1a,e4Scnn1a,0.15522180654829035,DirectionRule_EE,30.0,1.3,instanteneousExc.json,,
653,100000104,LIFe4Scnn1a,i23Pvalb,0.09364848503703474,DirectionRule_others,90.0,0.9,instanteneousInh.json,,
654,100000104,LIFe4Scnn1a,e4other,1.6937355950834674,DirectionRule_EE,30.0,1.3,instanteneousExc.json,,
659,100000104,LIFe4Scnn1a,i4Pvalb,0.8774652013512428,DirectionRule_others,90.0,0.9,instanteneousInh.json,,
660,100000104,LIFe4Scnn1a,e4Rorb,0.7444564566433077,DirectionRule_EE,30.0,1.3,instanteneousExc.json,,
661,100000104,LIFe4Scnn1a,LIFe4Rorb,0.7444564566433077,DirectionRule_EE,30.0,1.3,instanteneousExc.json,,
662,100000104,LIFe4Scnn1a,i4Htr3a,0.754935587824297,DirectionRule_others,90.0,1.5,instanteneousInh.json,,
663,100000104,LIFe4Scnn1a,i4Sst,0.3180164835022387,DirectionRule_others,90.0,1.5,instanteneousInh.json,,
664,100000104,LIFe4Scnn1a,e4Nr5a1,0.754935587824297,DirectionRule_EE,30.0,1.3,instanteneousExc.json,,
669,100000104,LIFe4Scnn1a,e5noRbp4,0.5411400527326888,DirectionRule_EE,30.0,2.5,instanteneousExc.json,,
678,100000104,LIFe4Scnn1a,LIFi23Htr3a,2.0,DirectionRule_others,90.0,1.5,instanteneousInh.json,,
679,100000104,LIFe4Scnn1a,i23Htr3a,1.0726850375532446,DirectionRule_others,90.0,1.5,instanteneousInh.json,,
680,100000104,LIFe4Scnn1a,e4Rorb,0.0,DirectionRule_others,90.0,1.5,instanteneousInh.json,,
681,100000104,LIFe4Scnn1a,i23Sst,0.7539659700455513,DirectionRule_others,90.0,1.5,instanteneousInh.json,,
690,100000104,LIFe4Scnn1a,i5Htr3a,1.0726850375532446,DirectionRule_others,90.0,1.5,instanteneousInh.json,,
691,100000104,LIFe4Scnn1a,LIFi23Htr3a,0.3180164835022387,DirectionRule_others,90.0,1.5,instanteneousInh.json,,
700,100000104,LIFe4Scnn1a,i5Sst,0.7539659700455513,DirectionRule_others,90.0,1.5,instanteneousInh.json,,
705,100000104,LIFe4Scnn1a,LIFe5Rbp4,2.0,DirectionRule_EE,30.0,2.5,instanteneousExc.json,,
706,100000104,LIFe4Scnn1a,LIFe23Cux2,0.7539659700455513,DirectionRule_EE,30.0,1.6,instanteneousExc.json,,
711,100000104,LIFe4Scnn1a,LIFi6Pvalb,1.6937355950834674,DirectionRule_others,90.0,0.9,instanteneousInh.json,,
712,100000104,LIFe4Scnn1a,LIFe4Scnn1a,0.1119934460060303,DirectionRule_EE,30.0,1.3,instanteneousExc.json,,
713,100000104,LIFe4Scnn1a,LIFi23Pvalb,0.7444564566433077,DirectionRule_others,90.0,0.9,instanteneousInh.json,,
714,100000104,LIFe4Scnn1a,LIFe4other,0.09364848503703474,DirectionRule_EE,30.0,1.3,instanteneousExc.json,,
719,100000104,LIFe4Scnn1a,LIFi4Pvalb,0.1119934460060303,DirectionRule_others,90.0,0.9,instanteneousInh.json,,
724,100000104,LIFe4Scnn1a,LIFe4Rorb,0.7444564566433077,DirectionRule_EE,30.0,1.3,instanteneousExc.json,,
725,100000104,LIFe4Scnn1a,i5Htr3a,0.3180164835022387,DirectionRule_EE,30.0,1.3,instanteneousExc.json,,
726,100000104,LIFe4Scnn1a,LIFi4Htr3a,0.754935587824297,DirectionRule_others,90.0,1.5,instanteneousInh.json,,
727,100000104,LIFe4Scnn1a,LIFi4Sst,2.0,DirectionRule_others,90.0,1.5,instanteneousInh.json,,
728,100000104,LIFe4Scnn1a,LIFe4Nr5a1,1.6937355950834674,DirectionRule_EE,30.0,1.3,instanteneousExc.json,,
733,100000104,LIFe4Scnn1a,LIFe5noRbp4,0.3180164835022387,DirectionRule_EE,30.0,2.5,instanteneousExc.json,,
742,100000104,LIFe4Scnn1a,LIFi23Htr3a,0.754935587824297,DirectionRule_others,90.0,1.5,instanteneousInh.json,,
743,100000104,LIFe4Scnn1a,i23Htr3a,0.09364848503703474,DirectionRule_others,90.0,1.5,instanteneousInh.json,,
744,100000104,LIFe4Scnn1a,LIFi23Sst,1.0726850375532446,DirectionRule_others,90.0,1.5,instanteneousInh.json,,
749,100000104,LIFe4Scnn1a,LIFi5Htr3a,0.12651956476087514,DirectionRule_others,90.0,1.5,instanteneousInh.json,,
758,100000104,LIFe4Scnn1a,LIFi5Sst,0.15522180654829035,DirectionRule_others,90.0,1.5,instanteneousInh.json,,
759,100000104,LIFe4Scnn1a,i1Htr3a,0.0,DirectionRule_others,90.0,3.8,instanteneousInh.json,,
760,100000104,LIFe4Scnn1a,LIFi1Htr3a,0.15522180654829035,DirectionRule_others,90.0,3.8,instanteneousInh.json,,
996,100000105,LIFi23Pvalb,e5Rbp4,0.09364848503703474,DirectionRule_others,90.0,1.2,instanteneousExc.json,,
997,100000105,LIFi23Pvalb,e23Cux2,0.09364848503703474,DirectionRule_others,90.0,1.2,instanteneousExc.json,,
998,100000105,LIFi23Pvalb,e4Scnn1a,2.0,DirectionRule_others,90.0,1.2,instanteneousExc.json,,
999,100000105,LIFi23Pvalb,i23Pvalb,0.15522180654829035,DirectionRule_others,50.0,1.6,instanteneousInh.json,,
1000,100000105,LIFi23Pvalb,e4other,0.12651956476087514,DirectionRule_others,90.0,1.2,instanteneousExc.json,,
1001,100000105,LIFi23Pvalb,i5Pvalb,1.6937355950834674,DirectionRule_others,50.0,1.6,instanteneousInh.json,,
1002,100000105,LIFi23Pvalb,i4Pvalb,2.0,DirectionRule_others,50.0,1.6,instanteneousInh.json,,
1003,100000105,LIFi23Pvalb,e4Rorb,0.3180164835022387,DirectionRule_others,90.0,1.2,instanteneousExc.json,,
1004,100000105,LIFi23Pvalb,LIFe4Rorb,0.1119934460060303,DirectionRule_others,90.0,1.2,instanteneousExc.json,,
1005,100000105,LIFi23Pvalb,i4Htr3a,1.0726850375532446,DirectionRule_others,50.0,1.5,instanteneousInh.json,,
1006,100000105,LIFi23Pvalb,i4Sst,0.8022809350848676,DirectionRule_others,50.0,1.5,instanteneousInh.json,,
1007,100000105,LIFi23Pvalb,e4Nr5a1,0.12651956476087514,DirectionRule_others,90.0,1.2,instanteneousExc.json,,
1008,100000105,LIFi23Pvalb,e5noRbp4,0.3180164835022387,DirectionRule_others,90.0,1.2,instanteneousExc.json,,
1009,100000105,LIFi23Pvalb,LIFi23Htr3a,0.0,DirectionRule_others,50.0,1.5,instanteneousInh.json,,
1010,100000105,LIFi23Pvalb,i23Htr3a,0.3180164835022387,DirectionRule_others,50.0,1.5,instanteneousInh.json,,
1011,100000105,LIFi23Pvalb,e4Rorb,1.6937355950834674,DirectionRule_others,50.0,1.5,instanteneousInh.json,,
1012,100000105,LIFi23Pvalb,i23Sst,0.3180164835022387,DirectionRule_others,50.0,1.5,instanteneousInh.json,,
1013,100000105,LIFi23Pvalb,LIFi23Htr3a,0.8774652013512428,DirectionRule_others,50.0,1.5,instanteneousInh.json,,
1014,100000105,LIFi23Pvalb,LIFe5Rbp4,0.39775587927999406,DirectionRule_others,90.0,1.2,instanteneousExc.json,,
1015,100000105,LIFi23Pvalb,LIFe23Cux2,2.0,DirectionRule_others,90.0,1.2,instanteneousExc.json,,
1016,100000105,LIFi23Pvalb,LIFe4Scnn1a,0.1119934460060303,DirectionRule_others,90.0,1.2,instanteneousExc.json,,
1017,100000105,LIFi23Pvalb,LIFi23Pvalb,0.12651956476087514,DirectionRule_others,50.0,1.6,instanteneousInh.json,,
1018,100000105,LIFi23Pvalb,LIFe4other,2.0,DirectionRule_others,90.0,1.2,instanteneousExc.json,,
1019,100000105,LIFi23Pvalb,LIFi5Pvalb,0.09364848503703474,DirectionRule_others,50.0,1.6,instanteneousInh.json,,
1020,100000105,LIFi23Pvalb,LIFi4Pvalb,0.5411400527326888,DirectionRule_others,50.0,1.6,instanteneousInh.json,,
1021,100000105,LIFi23Pvalb,LIFe4Rorb,0.15522180654829035,DirectionRule_others,90.0,1.2,instanteneousExc.json,,
1022,100000105,LIFi23Pvalb,LIFi4Htr3a,1.0726850375532446,DirectionRule_others,50.0,1.5,instanteneousInh.json,,
1023,100000105,LIFi23Pvalb,LIFi4Sst,0.7444564566433077,DirectionRule_others,50.0,1.5,instanteneousInh.json,,
1024,100000105,LIFi23Pvalb,LIFe4Nr5a1,0.7539659700455513,DirectionRule_others,90.0,1.2,instanteneousExc.json,,
1025,100000105,LIFi23Pvalb,LIFe5noRbp4,0.15522180654829035,DirectionRule_others,90.0,1.2,instanteneousExc.json,,
1026,100000105,LIFi23Pvalb,LIFi23Htr3a,0.754935587824297,DirectionRule_others,50.0,1.5,instanteneousInh.json,,
1027,100000105,LIFi23Pvalb,i23Htr3a,1.6937355950834674,DirectionRule_others,50.0,1.5,instanteneousInh.json,,
1028,100000105,LIFi23Pvalb,LIFi23Sst,0.5411400527326888,DirectionRule_others,50.0,1.5,instanteneousInh.json,,
1029,100000105,LIFi23Pvalb,i1Htr3a,0.7539659700455513,DirectionRule_others,50.0,3.8,instanteneousInh.json,,
1030,100000105,LIFi23Pvalb,LIFi1Htr3a,0.5411400527326888,DirectionRule_others,50.0,3.8,instanteneousInh.json,,
1036,100000106,LIFi6Htr3a,e5Rbp4,0.7444564566433077,DirectionRule_others,90.0,1.5,instanteneousExc.json,,
1037,100000107,LIFi23Htr3a,e5Rbp4,0.8022809350848676,DirectionRule_others,90.0,1.5,instanteneousExc.json,,
1041,100000107,LIFi23Htr3a,e23Cux2,0.7539659700455513,DirectionRule_others,90.0,1.5,instanteneousExc.json,,
1044,100000106,LIFi6Htr3a,i6Pvalb,0.12651956476087514,DirectionRule_others,50.0,1.2,instanteneousInh.json,,
1048,100000107,LIFi23Htr3a,e4Scnn1a,0.09364848503703474,DirectionRule_others,90.0,1.5,instanteneousExc.json,,
1052,100000107,LIFi23Htr3a,i23Pvalb,0.09364848503703474,DirectionRule_others,50.0,1.2,instanteneousInh.json,,
1056,100000107,LIFi23Htr3a,e4other,0.12651956476087514,DirectionRule_others,90.0,1.5,instanteneousExc.json,,
1062,100000106,LIFi6Htr3a,i5Pvalb,0.7444564566433077,DirectionRule_others,50.0,1.2,instanteneousInh.json,,
1066,100000107,LIFi23Htr3a,i4Pvalb,0.5411400527326888,DirectionRule_others,50.0,1.2,instanteneousInh.json,,
1073,100000107,LIFi23Htr3a,e4Rorb,0.8774652013512428,DirectionRule_others,90.0,1.5,instanteneousExc.json,,
1074,100000107,LIFi23Htr3a,LIFe4Rorb,0.15522180654829035,DirectionRule_others,90.0,1.5,instanteneousExc.json,,
1078,100000107,LIFi23Htr3a,i4Htr3a,0.09364848503703474,DirectionRule_others,50.0,1.5,instanteneousInh.json,,
1082,100000107,LIFi23Htr3a,i4Sst,0.0,DirectionRule_others,50.0,1.5,instanteneousInh.json,,
1086,100000107,LIFi23Htr3a,e4Nr5a1,0.754935587824297,DirectionRule_others,90.0,1.5,instanteneousExc.json,,
1092,100000106,LIFi6Htr3a,e5noRbp4,0.8774652013512428,DirectionRule_others,90.0,1.5,instanteneousExc.json,,
1093,100000107,LIFi23Htr3a,e5noRbp4,0.8774652013512428,DirectionRule_others,90.0,1.5,instanteneousExc.json,,
1096,100000106,LIFi6Htr3a,e6Ntsr1,1.6937355950834674,DirectionRule_others,90.0,1.5,instanteneousExc.json,,
1101,100000106,LIFi6Htr3a,i6Htr3a,0.7444564566433077,DirectionRule_others,50.0,1.5,instanteneousInh.json,,
1102,100000107,LIFi23Htr3a,LIFi23Htr3a,0.3180164835022387,DirectionRule_others,50.0,1.5,instanteneousInh.json,,
1109,100000107,LIFi23Htr3a,i23Htr3a,0.5411400527326888,DirectionRule_others,50.0,1.5,instanteneousInh.json,,
1110,100000107,LIFi23Htr3a,e4Rorb,0.3180164835022387,DirectionRule_others,50.0,1.5,instanteneousInh.json,,
1114,100000107,LIFi23Htr3a,i23Sst,1.0726850375532446,DirectionRule_others,50.0,1.5,instanteneousInh.json,,
1120,100000106,LIFi6Htr3a,i5Htr3a,2.0,DirectionRule_others,50.0,1.5,instanteneousInh.json,,
1121,100000106,LIFi6Htr3a,i6Htr3a,0.8022809350848676,DirectionRule_others,50.0,1.5,instanteneousInh.json,,
1122,100000107,LIFi23Htr3a,LIFi23Htr3a,0.3180164835022387,DirectionRule_others,50.0,1.5,instanteneousInh.json,,
1125,100000106,LIFi6Htr3a,i6Sst,0.09364848503703474,DirectionRule_others,50.0,1.5,instanteneousInh.json,,
1128,100000106,LIFi6Htr3a,i5Sst,0.7444564566433077,DirectionRule_others,50.0,1.5,instanteneousInh.json,,
1134,100000106,LIFi6Htr3a,LIFe5Rbp4,0.09364848503703474,DirectionRule_others,90.0,1.5,instanteneousExc.json,,
1135,100000107,LIFi23Htr3a,LIFe5Rbp4,1.0726850375532446,DirectionRule_others,90.0,1.5,instanteneousExc.json,,
1139,100000107,LIFi23Htr3a,LIFe23Cux2,0.0,DirectionRule_others,90.0,1.5,instanteneousExc.json,,
1142,100000106,LIFi6Htr3a,LIFi6Pvalb,0.1119934460060303,DirectionRule_others,50.0,1.2,instanteneousInh.json,,
1146,100000107,LIFi23Htr3a,LIFe4Scnn1a,1.0726850375532446,DirectionRule_others,90.0,1.5,instanteneousExc.json,,
1150,100000107,LIFi23Htr3a,LIFi23Pvalb,0.0,DirectionRule_others,50.0,1.2,instanteneousInh.json,,
1154,100000107,LIFi23Htr3a,LIFe4other,0.39775587927999406,DirectionRule_others,90.0,1.5,instanteneousExc.json,,
1160,100000106,LIFi6Htr3a,LIFi5Pvalb,0.7539659700455513,DirectionRule_others,50.0,1.2,instanteneousInh.json,,
1164,100000107,LIFi23Htr3a,LIFi4Pvalb,0.8022809350848676,DirectionRule_others,50.0,1.2,instanteneousInh.json,,
1169,100000107,LIFi23Htr3a,LIFe4Rorb,0.0,DirectionRule_others,90.0,1.5,instanteneousExc.json,,
1173,100000107,LIFi23Htr3a,LIFi4Htr3a,0.754935587824297,DirectionRule_others,50.0,1.5,instanteneousInh.json,,
1177,100000107,LIFi23Htr3a,LIFi4Sst,0.1119934460060303,DirectionRule_others,50.0,1.5,instanteneousInh.json,,
1181,100000107,LIFi23Htr3a,LIFe4Nr5a1,0.0,DirectionRule_others,90.0,1.5,instanteneousExc.json,,
1187,100000106,LIFi6Htr3a,LIFe5noRbp4,0.1119934460060303,DirectionRule_others,90.0,1.5,instanteneousExc.json,,
1188,100000107,LIFi23Htr3a,LIFe5noRbp4,0.754935587824297,DirectionRule_others,90.0,1.5,instanteneousExc.json,,
1191,100000106,LIFi6Htr3a,LIFe6Ntsr1,0.15522180654829035,DirectionRule_others,90.0,1.5,instanteneousExc.json,,
1194,100000106,LIFi6Htr3a,LIFi6Htr3a,0.09364848503703474,DirectionRule_others,50.0,1.5,instanteneousInh.json,,
1201,100000107,LIFi23Htr3a,LIFi23Htr3a,0.12651956476087514,DirectionRule_others,50.0,1.5,instanteneousInh.json,,
1205,100000107,LIFi23Htr3a,LIFi23Sst,0.09364848503703474,DirectionRule_others,50.0,1.5,instanteneousInh.json,,
1207,100000106,LIFi6Htr3a,LIFi5Htr3a,0.5411400527326888,DirectionRule_others,50.0,1.5,instanteneousInh.json,,
1210,100000106,LIFi6Htr3a,LIFi6Sst,0.1119934460060303,DirectionRule_others,50.0,1.5,instanteneousInh.json,,
1213,100000106,LIFi6Htr3a,LIFi5Sst,2.0,DirectionRule_others,50.0,1.5,instanteneousInh.json,,
1217,100000107,LIFi23Htr3a,i1Htr3a,0.7444564566433077,DirectionRule_others,50.0,3.8,instanteneousInh.json,,
1221,100000107,LIFi23Htr3a,LIFi1Htr3a,0.8022809350848676,DirectionRule_others,50.0,3.8,instanteneousInh.json,,
1410,100000107,LIFi23Htr3a,i23Htr3a,1.6937355950834674,DirectionRule_others,50.0,1.5,instanteneousInh.json,,
1873,100000108,LIFe4Rorb,e5Rbp4,0.0,DirectionRule_EE,30.0,2.5,instanteneousExc.json,,
1874,100000108,LIFe4Rorb,e23Cux2,0.8022809350848676,DirectionRule_EE,30.0,1.6,instanteneousExc.json,,
1875,100000108,LIFe4Rorb,i6Pvalb,0.0,DirectionRule_others,90.0,0.9,instanteneousInh.json,,
1876,100000108,LIFe4Rorb,e4Scnn1a,0.12651956476087514,DirectionRule_EE,30.0,1.3,instanteneousExc.json,,
1877,100000108,LIFe4Rorb,i23Pvalb,0.754935587824297,DirectionRule_others,90.0,0.9,instanteneousInh.json,,
1878,100000108,LIFe4Rorb,e4other,0.8774652013512428,DirectionRule_EE,30.0,1.3,instanteneousExc.json,,
1879,100000108,LIFe4Rorb,i4Pvalb,0.7444564566433077,DirectionRule_others,90.0,0.9,instanteneousInh.json,,
1880,100000108,LIFe4Rorb,e4Rorb,0.8022809350848676,DirectionRule_EE,30.0,1.3,instanteneousExc.json,,
1881,100000108,LIFe4Rorb,LIFe4Rorb,0.15522180654829035,DirectionRule_EE,30.0,1.3,instanteneousExc.json,,
1882,100000108,LIFe4Rorb,i4Htr3a,0.0,DirectionRule_others,90.0,1.5,instanteneousInh.json,,
1883,100000108,LIFe4Rorb,i4Sst,0.8774652013512428,DirectionRule_others,90.0,1.5,instanteneousInh.json,,
1884,100000108,LIFe4Rorb,e4Nr5a1,1.6937355950834674,DirectionRule_EE,30.0,1.3,instanteneousExc.json,,
1885,100000108,LIFe4Rorb,e5noRbp4,0.7444564566433077,DirectionRule_EE,30.0,2.5,instanteneousExc.json,,
1889,100000108,LIFe4Rorb,LIFi23Htr3a,1.0726850375532446,DirectionRule_others,90.0,1.5,instanteneousInh.json,,
1890,100000108,LIFe4Rorb,i23Htr3a,0.754935587824297,DirectionRule_others,90.0,1.5,instanteneousInh.json,,
1891,100000108,LIFe4Rorb,e4Rorb,0.12651956476087514,DirectionRule_others,90.0,1.5,instanteneousInh.json,,
1892,100000108,LIFe4Rorb,i23Sst,0.8022809350848676,DirectionRule_others,90.0,1.5,instanteneousInh.json,,
1894,100000108,LIFe4Rorb,LIFi23Htr3a,1.0726850375532446,DirectionRule_others,90.0,1.5,instanteneousInh.json,,
1895,100000108,LIFe4Rorb,i5Htr3a,0.8022809350848676,DirectionRule_others,90.0,1.5,instanteneousInh.json,,
1896,100000108,LIFe4Rorb,i5Sst,0.0,DirectionRule_others,90.0,1.5,instanteneousInh.json,,
1897,100000108,LIFe4Rorb,LIFe5Rbp4,1.0726850375532446,DirectionRule_EE,30.0,2.5,instanteneousExc.json,,
1898,100000108,LIFe4Rorb,LIFe23Cux2,2.0,DirectionRule_EE,30.0,1.6,instanteneousExc.json,,
1899,100000108,LIFe4Rorb,LIFi6Pvalb,0.0,DirectionRule_others,90.0,0.9,instanteneousInh.json,,
1900,100000108,LIFe4Rorb,LIFe4Scnn1a,0.12651956476087514,DirectionRule_EE,30.0,1.3,instanteneousExc.json,,
1901,100000108,LIFe4Rorb,LIFi23Pvalb,0.754935587824297,DirectionRule_others,90.0,0.9,instanteneousInh.json,,
1902,100000108,LIFe4Rorb,LIFe4other,0.39775587927999406,DirectionRule_EE,30.0,1.3,instanteneousExc.json,,
1903,100000108,LIFe4Rorb,LIFi4Pvalb,0.5411400527326888,DirectionRule_others,90.0,0.9,instanteneousInh.json,,
1904,100000108,LIFe4Rorb,LIFe4Rorb,0.09364848503703474,DirectionRule_EE,30.0,1.3,instanteneousExc.json,,
1905,100000108,LIFe4Rorb,i5Htr3a,0.8774652013512428,DirectionRule_EE,30.0,1.3,instanteneousExc.json,,
1906,100000108,LIFe4Rorb,LIFi4Htr3a,1.6937355950834674,DirectionRule_others,90.0,1.5,instanteneousInh.json,,
1907,100000108,LIFe4Rorb,LIFi4Sst,0.1119934460060303,DirectionRule_others,90.0,1.5,instanteneousInh.json,,
1908,100000108,LIFe4Rorb,LIFe4Nr5a1,0.7444564566433077,DirectionRule_EE,30.0,1.3,instanteneousExc.json,,
1909,100000108,LIFe4Rorb,LIFe5noRbp4,0.8022809350848676,DirectionRule_EE,30.0,2.5,instanteneousExc.json,,
1910,100000108,LIFe4Rorb,LIFi23Htr3a,0.39775587927999406,DirectionRule_others,90.0,1.5,instanteneousInh.json,,
1911,100000108,LIFe4Rorb,i23Htr3a,1.0726850375532446,DirectionRule_others,90.0,1.5,instanteneousInh.json,,
1912,100000108,LIFe4Rorb,LIFi23Sst,0.8774652013512428,DirectionRule_others,90.0,1.5,instanteneousInh.json,,
1914,100000108,LIFe4Rorb,LIFi5Htr3a,0.39775587927999406,DirectionRule_others,90.0,1.5,instanteneousInh.json,,
1915,100000108,LIFe4Rorb,LIFi5Sst,0.09364848503703474,DirectionRule_others,90.0,1.5,instanteneousInh.json,,
1916,100000108,LIFe4Rorb,i1Htr3a,2.0,DirectionRule_others,90.0,3.8,instanteneousInh.json,,
1917,100000108,LIFe4Rorb,LIFi1Htr3a,2.0,DirectionRule_others,90.0,3.8,instanteneousInh.json,,
1927,100000109,LIFi5Htr3a,e5Rbp4,0.7444564566433077,DirectionRule_others,90.0,1.5,instanteneousExc.json,,
1942,100000109,LIFi5Htr3a,i6Pvalb,0.8774652013512428,DirectionRule_others,50.0,1.2,instanteneousInh.json,,
1952,100000109,LIFi5Htr3a,e4Scnn1a,2.0,DirectionRule_others,90.0,1.5,instanteneousExc.json,,
1967,100000109,LIFi5Htr3a,e4other,0.1119934460060303,DirectionRule_others,90.0,1.5,instanteneousExc.json,,
1972,100000109,LIFi5Htr3a,i5Pvalb,0.5411400527326888,DirectionRule_others,50.0,1.2,instanteneousInh.json,,
1982,100000109,LIFi5Htr3a,i4Pvalb,1.6937355950834674,DirectionRule_others,50.0,1.2,instanteneousInh.json,,
1998,100000109,LIFi5Htr3a,e4Rorb,1.0726850375532446,DirectionRule_others,90.0,1.5,instanteneousExc.json,,
1999,100000109,LIFi5Htr3a,LIFe4Rorb,2.0,DirectionRule_others,90.0,1.5,instanteneousExc.json,,
2009,100000109,LIFi5Htr3a,i4Htr3a,0.0,DirectionRule_others,50.0,1.5,instanteneousInh.json,,
2019,100000109,LIFi5Htr3a,i4Sst,0.8022809350848676,DirectionRule_others,50.0,1.5,instanteneousInh.json,,
2029,100000109,LIFi5Htr3a,e4Nr5a1,0.0,DirectionRule_others,90.0,1.5,instanteneousExc.json,,
2039,100000109,LIFi5Htr3a,e5noRbp4,0.09364848503703474,DirectionRule_others,90.0,1.5,instanteneousExc.json,,
2044,100000109,LIFi5Htr3a,e6Ntsr1,0.09364848503703474,DirectionRule_others,90.0,1.5,instanteneousExc.json,,
2051,100000109,LIFi5Htr3a,i6Htr3a,0.3180164835022387,DirectionRule_others,50.0,1.5,instanteneousInh.json,,
2080,100000109,LIFi5Htr3a,i5Htr3a,0.15522180654829035,DirectionRule_others,50.0,1.5,instanteneousInh.json,,
2081,100000109,LIFi5Htr3a,i6Htr3a,1.0726850375532446,DirectionRule_others,50.0,1.5,instanteneousInh.json,,
2086,100000109,LIFi5Htr3a,i6Sst,0.12651956476087514,DirectionRule_others,50.0,1.5,instanteneousInh.json,,
2096,100000109,LIFi5Htr3a,i5Sst,1.6937355950834674,DirectionRule_others,50.0,1.5,instanteneousInh.json,,
2105,100000109,LIFi5Htr3a,LIFe5Rbp4,0.7539659700455513,DirectionRule_others,90.0,1.5,instanteneousExc.json,,
2119,100000109,LIFi5Htr3a,LIFi6Pvalb,2.0,DirectionRule_others,50.0,1.2,instanteneousInh.json,,
2129,100000109,LIFi5Htr3a,LIFe4Scnn1a,0.09364848503703474,DirectionRule_others,90.0,1.5,instanteneousExc.json,,
2143,100000109,LIFi5Htr3a,LIFe4other,0.754935587824297,DirectionRule_others,90.0,1.5,instanteneousExc.json,,
2148,100000109,LIFi5Htr3a,LIFi5Pvalb,0.39775587927999406,DirectionRule_others,50.0,1.2,instanteneousInh.json,,
2158,100000109,LIFi5Htr3a,LIFi4Pvalb,0.0,DirectionRule_others,50.0,1.2,instanteneousInh.json,,
2175,100000109,LIFi5Htr3a,LIFe4Rorb,0.5411400527326888,DirectionRule_others,90.0,1.5,instanteneousExc.json,,
2184,100000109,LIFi5Htr3a,LIFi4Htr3a,0.3180164835022387,DirectionRule_others,50.0,1.5,instanteneousInh.json,,
2194,100000109,LIFi5Htr3a,LIFi4Sst,0.09364848503703474,DirectionRule_others,50.0,1.5,instanteneousInh.json,,
2204,100000109,LIFi5Htr3a,LIFe4Nr5a1,0.8022809350848676,DirectionRule_others,90.0,1.5,instanteneousExc.json,,
2213,100000109,LIFi5Htr3a,LIFe5noRbp4,1.0726850375532446,DirectionRule_others,90.0,1.5,instanteneousExc.json,,
2218,100000109,LIFi5Htr3a,LIFe6Ntsr1,1.0726850375532446,DirectionRule_others,90.0,1.5,instanteneousExc.json,,
2223,100000109,LIFi5Htr3a,LIFi6Htr3a,1.6937355950834674,DirectionRule_others,50.0,1.5,instanteneousInh.json,,
2241,100000109,LIFi5Htr3a,LIFi5Htr3a,1.0726850375532446,DirectionRule_others,50.0,1.5,instanteneousInh.json,,
2246,100000109,LIFi5Htr3a,LIFi6Sst,0.12651956476087514,DirectionRule_others,50.0,1.5,instanteneousInh.json,,
2255,100000109,LIFi5Htr3a,LIFi5Sst,0.0,DirectionRule_others,50.0,1.5,instanteneousInh.json,,
2265,100000110,LIFe4other,e5Rbp4,0.8774652013512428,DirectionRule_EE,30.0,2.5,instanteneousExc.json,,
2266,100000110,LIFe4other,e23Cux2,0.15522180654829035,DirectionRule_EE,30.0,1.6,instanteneousExc.json,,
2267,100000110,LIFe4other,i6Pvalb,0.8022809350848676,DirectionRule_others,90.0,0.9,instanteneousInh.json,,
2268,100000110,LIFe4other,e4Scnn1a,2.0,DirectionRule_EE,30.0,1.3,instanteneousExc.json,,
2269,100000110,LIFe4other,i23Pvalb,1.6937355950834674,DirectionRule_others,90.0,0.9,instanteneousInh.json,,
2270,100000110,LIFe4other,e4other,0.3180164835022387,DirectionRule_EE,30.0,1.3,instanteneousExc.json,,
2271,100000110,LIFe4other,i4Pvalb,1.6937355950834674,DirectionRule_others,90.0,0.9,instanteneousInh.json,,
2272,100000110,LIFe4other,e4Rorb,0.0,DirectionRule_EE,30.0,1.3,instanteneousExc.json,,
2273,100000110,LIFe4other,LIFe4Rorb,0.5411400527326888,DirectionRule_EE,30.0,1.3,instanteneousExc.json,,
2274,100000110,LIFe4other,i4Htr3a,0.1119934460060303,DirectionRule_others,90.0,1.5,instanteneousInh.json,,
2275,100000110,LIFe4other,i4Sst,0.15522180654829035,DirectionRule_others,90.0,1.5,instanteneousInh.json,,
2276,100000110,LIFe4other,e4Nr5a1,0.3180164835022387,DirectionRule_EE,30.0,1.3,instanteneousExc.json,,
2277,100000110,LIFe4other,e5noRbp4,1.6937355950834674,DirectionRule_EE,30.0,2.5,instanteneousExc.json,,
2279,100000110,LIFe4other,LIFi23Htr3a,0.5411400527326888,DirectionRule_others,90.0,1.5,instanteneousInh.json,,
2280,100000110,LIFe4other,i23Htr3a,0.15522180654829035,DirectionRule_others,90.0,1.5,instanteneousInh.json,,
2281,100000110,LIFe4other,e4Rorb,0.3180164835022387,DirectionRule_others,90.0,1.5,instanteneousInh.json,,
2282,100000110,LIFe4other,i23Sst,0.8022809350848676,DirectionRule_others,90.0,1.5,instanteneousInh.json,,
2283,100000110,LIFe4other,LIFi23Htr3a,0.3180164835022387,DirectionRule_others,90.0,1.5,instanteneousInh.json,,
2284,100000110,LIFe4other,i5Htr3a,0.5411400527326888,DirectionRule_others,90.0,1.5,instanteneousInh.json,,
2285,100000110,LIFe4other,i5Sst,0.7539659700455513,DirectionRule_others,90.0,1.5,instanteneousInh.json,,
2286,100000110,LIFe4other,LIFe5Rbp4,0.8022809350848676,DirectionRule_EE,30.0,2.5,instanteneousExc.json,,
2287,100000110,LIFe4other,LIFe23Cux2,0.15522180654829035,DirectionRule_EE,30.0,1.6,instanteneousExc.json,,
2289,100000110,LIFe4other,LIFi6Pvalb,0.0,DirectionRule_others,90.0,0.9,instanteneousInh.json,,
2290,100000110,LIFe4other,LIFe4Scnn1a,2.0,DirectionRule_EE,30.0,1.3,instanteneousExc.json,,
2292,100000110,LIFe4other,LIFi23Pvalb,0.0,DirectionRule_others,90.0,0.9,instanteneousInh.json,,
2293,100000110,LIFe4other,LIFe4other,0.8774652013512428,DirectionRule_EE,30.0,1.3,instanteneousExc.json,,
2294,100000110,LIFe4other,LIFi4Pvalb,0.7539659700455513,DirectionRule_others,90.0,0.9,instanteneousInh.json,,
2296,100000110,LIFe4other,LIFe4Rorb,1.6937355950834674,DirectionRule_EE,30.0,1.3,instanteneousExc.json,,
2297,100000110,LIFe4other,i5Htr3a,2.0,DirectionRule_EE,30.0,1.3,instanteneousExc.json,,
2298,100000110,LIFe4other,LIFi4Htr3a,1.0726850375532446,DirectionRule_others,90.0,1.5,instanteneousInh.json,,
2299,100000110,LIFe4other,LIFi4Sst,0.8774652013512428,DirectionRule_others,90.0,1.5,instanteneousInh.json,,
2300,100000110,LIFe4other,LIFe4Nr5a1,0.8774652013512428,DirectionRule_EE,30.0,1.3,instanteneousExc.json,,
2301,100000110,LIFe4other,LIFe5noRbp4,0.7539659700455513,DirectionRule_EE,30.0,2.5,instanteneousExc.json,,
2303,100000110,LIFe4other,LIFi23Htr3a,0.1119934460060303,DirectionRule_others,90.0,1.5,instanteneousInh.json,,
2304,100000110,LIFe4other,i23Htr3a,0.7539659700455513,DirectionRule_others,90.0,1.5,instanteneousInh.json,,
2305,100000110,LIFe4other,LIFi23Sst,0.0,DirectionRule_others,90.0,1.5,instanteneousInh.json,,
2306,100000110,LIFe4other,LIFi5Htr3a,0.7539659700455513,DirectionRule_others,90.0,1.5,instanteneousInh.json,,
2307,100000110,LIFe4other,LIFi5Sst,0.12651956476087514,DirectionRule_others,90.0,1.5,instanteneousInh.json,,
2308,100000110,LIFe4other,i1Htr3a,2.0,DirectionRule_others,90.0,3.8,instanteneousInh.json,,
2310,100000110,LIFe4other,LIFi1Htr3a,0.754935587824297,DirectionRule_others,90.0,3.8,instanteneousInh.json,,
2320,100000111,LIFi5Pvalb,e5Rbp4,0.1119934460060303,DirectionRule_others,90.0,1.2,instanteneousExc.json,,
2321,100000112,LIFi4Pvalb,e5Rbp4,0.7539659700455513,DirectionRule_others,90.0,1.2,instanteneousExc.json,,
2331,100000111,LIFi5Pvalb,e23Cux2,0.09364848503703474,DirectionRule_others,90.0,1.2,instanteneousExc.json,,
2332,100000112,LIFi4Pvalb,e23Cux2,0.09364848503703474,DirectionRule_others,90.0,1.2,instanteneousExc.json,,
2342,100000111,LIFi5Pvalb,i6Pvalb,1.6937355950834674,DirectionRule_others,50.0,1.6,instanteneousInh.json,,
2352,100000111,LIFi5Pvalb,e4Scnn1a,0.5411400527326888,DirectionRule_others,90.0,1.2,instanteneousExc.json,,
2353,100000112,LIFi4Pvalb,e4Scnn1a,1.0726850375532446,DirectionRule_others,90.0,1.2,instanteneousExc.json,,
2363,100000111,LIFi5Pvalb,i23Pvalb,0.8774652013512428,DirectionRule_others,50.0,1.6,instanteneousInh.json,,
2364,100000112,LIFi4Pvalb,i23Pvalb,0.5411400527326888,DirectionRule_others,50.0,1.6,instanteneousInh.json,,
2374,100000111,LIFi5Pvalb,e4other,0.09364848503703474,DirectionRule_others,90.0,1.2,instanteneousExc.json,,
2375,100000112,LIFi4Pvalb,e4other,0.09364848503703474,DirectionRule_others,90.0,1.2,instanteneousExc.json,,
2385,100000111,LIFi5Pvalb,i5Pvalb,1.0726850375532446,DirectionRule_others,50.0,1.6,instanteneousInh.json,,
2386,100000112,LIFi4Pvalb,i5Pvalb,0.754935587824297,DirectionRule_others,50.0,1.6,instanteneousInh.json,,
2396,100000111,LIFi5Pvalb,i4Pvalb,0.3180164835022387,DirectionRule_others,50.0,1.6,instanteneousInh.json,,
2397,100000112,LIFi4Pvalb,i4Pvalb,0.5411400527326888,DirectionRule_others,50.0,1.6,instanteneousInh.json,,
2411,100000111,LIFi5Pvalb,e4Rorb,0.1119934460060303,DirectionRule_others,90.0,1.2,instanteneousExc.json,,
2412,100000111,LIFi5Pvalb,LIFe4Rorb,0.754935587824297,DirectionRule_others,90.0,1.2,instanteneousExc.json,,
2413,100000112,LIFi4Pvalb,e4Rorb,0.5411400527326888,DirectionRule_others,90.0,1.2,instanteneousExc.json,,
2414,100000112,LIFi4Pvalb,LIFe4Rorb,0.12651956476087514,DirectionRule_others,90.0,1.2,instanteneousExc.json,,
2424,100000111,LIFi5Pvalb,i4Htr3a,0.7539659700455513,DirectionRule_others,50.0,1.5,instanteneousInh.json,,
2425,100000112,LIFi4Pvalb,i4Htr3a,1.0726850375532446,DirectionRule_others,50.0,1.5,instanteneousInh.json,,
2435,100000111,LIFi5Pvalb,i4Sst,0.0,DirectionRule_others,50.0,1.5,instanteneousInh.json,,
2436,100000112,LIFi4Pvalb,i4Sst,0.15522180654829035,DirectionRule_others,50.0,1.5,instanteneousInh.json,,
2446,100000111,LIFi5Pvalb,e4Nr5a1,0.7444564566433077,DirectionRule_others,90.0,1.2,instanteneousExc.json,,
2447,100000112,LIFi4Pvalb,e4Nr5a1,1.0726850375532446,DirectionRule_others,90.0,1.2,instanteneousExc.json,,
2457,100000111,LIFi5Pvalb,e5noRbp4,0.3180164835022387,DirectionRule_others,90.0,1.2,instanteneousExc.json,,
2458,100000112,LIFi4Pvalb,e5noRbp4,0.1119934460060303,DirectionRule_others,90.0,1.2,instanteneousExc.json,,
2468,100000111,LIFi5Pvalb,e6Ntsr1,0.39775587927999406,DirectionRule_others,90.0,1.2,instanteneousExc.json,,
2478,100000111,LIFi5Pvalb,i6Htr3a,0.0,DirectionRule_others,50.0,1.5,instanteneousInh.json,,
2479,100000112,LIFi4Pvalb,LIFi23Htr3a,0.8774652013512428,DirectionRule_others,50.0,1.5,instanteneousInh.json,,
2487,100000111,LIFi5Pvalb,e4Rorb,0.7444564566433077,DirectionRule_others,50.0,1.5,instanteneousInh.json,,
2488,100000112,LIFi4Pvalb,i23Htr3a,0.5411400527326888,DirectionRule_others,50.0,1.5,instanteneousInh.json,,
2489,100000112,LIFi4Pvalb,e4Rorb,1.0726850375532446,DirectionRule_others,50.0,1.5,instanteneousInh.json,,
2490,100000112,LIFi4Pvalb,i23Sst,0.8022809350848676,DirectionRule_others,50.0,1.5,instanteneousInh.json,,
2505,100000111,LIFi5Pvalb,i6Htr3a,0.5411400527326888,DirectionRule_others,50.0,1.5,instanteneousInh.json,,
2506,100000111,LIFi5Pvalb,i5Htr3a,0.5411400527326888,DirectionRule_others,50.0,1.5,instanteneousInh.json,,
2507,100000112,LIFi4Pvalb,LIFi23Htr3a,0.09364848503703474,DirectionRule_others,50.0,1.5,instanteneousInh.json,,
2508,100000112,LIFi4Pvalb,i5Htr3a,0.0,DirectionRule_others,50.0,1.5,instanteneousInh.json,,
2518,100000111,LIFi5Pvalb,i6Sst,0.39775587927999406,DirectionRule_others,50.0,1.5,instanteneousInh.json,,
2528,100000111,LIFi5Pvalb,i5Sst,0.8022809350848676,DirectionRule_others,50.0,1.5,instanteneousInh.json,,
2529,100000112,LIFi4Pvalb,i5Sst,0.12651956476087514,DirectionRule_others,50.0,1.5,instanteneousInh.json,,
2539,100000111,LIFi5Pvalb,LIFe5Rbp4,0.7539659700455513,DirectionRule_others,90.0,1.2,instanteneousExc.json,,
2540,100000112,LIFi4Pvalb,LIFe5Rbp4,1.6937355950834674,DirectionRule_others,90.0,1.2,instanteneousExc.json,,
2549,100000111,LIFi5Pvalb,LIFe23Cux2,0.7539659700455513,DirectionRule_others,90.0,1.2,instanteneousExc.json,,
2550,100000112,LIFi4Pvalb,LIFe23Cux2,1.6937355950834674,DirectionRule_others,90.0,1.2,instanteneousExc.json,,
2558,100000111,LIFi5Pvalb,LIFi6Pvalb,0.0,DirectionRule_others,50.0,1.6,instanteneousInh.json,,
2567,100000111,LIFi5Pvalb,LIFe4Scnn1a,0.8022809350848676,DirectionRule_others,90.0,1.2,instanteneousExc.json,,
2568,100000112,LIFi4Pvalb,LIFe4Scnn1a,0.3180164835022387,DirectionRule_others,90.0,1.2,instanteneousExc.json,,
2577,100000111,LIFi5Pvalb,LIFi23Pvalb,0.1119934460060303,DirectionRule_others,50.0,1.6,instanteneousInh.json,,
2578,100000112,LIFi4Pvalb,LIFi23Pvalb,0.12651956476087514,DirectionRule_others,50.0,1.6,instanteneousInh.json,,
2587,100000111,LIFi5Pvalb,LIFe4other,0.15522180654829035,DirectionRule_others,90.0,1.2,instanteneousExc.json,,
2588,100000112,LIFi4Pvalb,LIFe4other,0.8022809350848676,DirectionRule_others,90.0,1.2,instanteneousExc.json,,
2597,100000111,LIFi5Pvalb,LIFi5Pvalb,0.12651956476087514,DirectionRule_others,50.0,1.6,instanteneousInh.json,,
2598,100000112,LIFi4Pvalb,LIFi5Pvalb,0.0,DirectionRule_others,50.0,1.6,instanteneousInh.json,,
2607,100000111,LIFi5Pvalb,LIFi4Pvalb,0.7444564566433077,DirectionRule_others,50.0,1.6,instanteneousInh.json,,
2608,100000112,LIFi4Pvalb,LIFi4Pvalb,0.8774652013512428,DirectionRule_others,50.0,1.6,instanteneousInh.json,,
2625,100000111,LIFi5Pvalb,LIFe4Rorb,0.7539659700455513,DirectionRule_others,90.0,1.2,instanteneousExc.json,,
2626,100000111,LIFi5Pvalb,i5Htr3a,0.754935587824297,DirectionRule_others,90.0,1.2,instanteneousExc.json,,
2627,100000112,LIFi4Pvalb,LIFe4Rorb,0.8022809350848676,DirectionRule_others,90.0,1.2,instanteneousExc.json,,
2628,100000112,LIFi4Pvalb,i5Htr3a,0.754935587824297,DirectionRule_others,90.0,1.2,instanteneousExc.json,,
2637,100000111,LIFi5Pvalb,LIFi4Htr3a,0.39775587927999406,DirectionRule_others,50.0,1.5,instanteneousInh.json,,
2638,100000112,LIFi4Pvalb,LIFi4Htr3a,0.15522180654829035,DirectionRule_others,50.0,1.5,instanteneousInh.json,,
2646,100000111,LIFi5Pvalb,LIFi4Sst,0.1119934460060303,DirectionRule_others,50.0,1.5,instanteneousInh.json,,
2647,100000112,LIFi4Pvalb,LIFi4Sst,0.754935587824297,DirectionRule_others,50.0,1.5,instanteneousInh.json,,
2656,100000111,LIFi5Pvalb,LIFe4Nr5a1,0.09364848503703474,DirectionRule_others,90.0,1.2,instanteneousExc.json,,
2657,100000112,LIFi4Pvalb,LIFe4Nr5a1,0.3180164835022387,DirectionRule_others,90.0,1.2,instanteneousExc.json,,
2665,100000111,LIFi5Pvalb,LIFe5noRbp4,0.12651956476087514,DirectionRule_others,90.0,1.2,instanteneousExc.json,,
2666,100000112,LIFi4Pvalb,LIFe5noRbp4,0.7539659700455513,DirectionRule_others,90.0,1.2,instanteneousExc.json,,
2675,100000111,LIFi5Pvalb,LIFe6Ntsr1,2.0,DirectionRule_others,90.0,1.2,instanteneousExc.json,,
2683,100000111,LIFi5Pvalb,LIFi6Htr3a,0.0,DirectionRule_others,50.0,1.5,instanteneousInh.json,,
2684,100000112,LIFi4Pvalb,LIFi23Htr3a,2.0,DirectionRule_others,50.0,1.5,instanteneousInh.json,,
2685,100000112,LIFi4Pvalb,LIFi23Sst,0.09364848503703474,DirectionRule_others,50.0,1.5,instanteneousInh.json,,
2691,100000111,LIFi5Pvalb,LIFi5Htr3a,1.6937355950834674,DirectionRule_others,50.0,1.5,instanteneousInh.json,,
2692,100000112,LIFi4Pvalb,LIFi5Htr3a,0.39775587927999406,DirectionRule_others,50.0,1.5,instanteneousInh.json,,
2700,100000111,LIFi5Pvalb,LIFi6Sst,0.09364848503703474,DirectionRule_others,50.0,1.5,instanteneousInh.json,,
2709,100000111,LIFi5Pvalb,LIFi5Sst,0.0,DirectionRule_others,50.0,1.5,instanteneousInh.json,,
2710,100000112,LIFi4Pvalb,LIFi5Sst,0.3180164835022387,DirectionRule_others,50.0,1.5,instanteneousInh.json,,
2711,100000112,LIFi4Pvalb,i23Htr3a,0.15522180654829035,DirectionRule_others,50.0,1.5,instanteneousInh.json,,
2790,100000113,LIFi23Sst,e5Rbp4,1.6937355950834674,DirectionRule_others,90.0,1.5,instanteneousExc.json,,
2796,100000113,LIFi23Sst,e23Cux2,0.15522180654829035,DirectionRule_others,90.0,1.5,instanteneousExc.json,,
2802,100000113,LIFi23Sst,e4Scnn1a,0.8022809350848676,DirectionRule_others,90.0,1.5,instanteneousExc.json,,
2808,100000113,LIFi23Sst,i23Pvalb,2.0,DirectionRule_others,50.0,1.2,instanteneousInh.json,,
2814,100000113,LIFi23Sst,e4other,0.12651956476087514,DirectionRule_others,90.0,1.5,instanteneousExc.json,,
2821,100000113,LIFi23Sst,i4Pvalb,0.0,DirectionRule_others,50.0,1.2,instanteneousInh.json,,
2831,100000113,LIFi23Sst,e4Rorb,0.15522180654829035,DirectionRule_others,90.0,1.5,instanteneousExc.json,,
2832,100000113,LIFi23Sst,LIFe4Rorb,0.09364848503703474,DirectionRule_others,90.0,1.5,instanteneousExc.json,,
2838,100000113,LIFi23Sst,i4Htr3a,0.09364848503703474,DirectionRule_others,50.0,1.5,instanteneousInh.json,,
2844,100000113,LIFi23Sst,i4Sst,0.7539659700455513,DirectionRule_others,50.0,1.5,instanteneousInh.json,,
2850,100000113,LIFi23Sst,e4Nr5a1,0.7444564566433077,DirectionRule_others,90.0,1.5,instanteneousExc.json,,
2856,100000113,LIFi23Sst,e5noRbp4,1.0726850375532446,DirectionRule_others,90.0,1.5,instanteneousExc.json,,
2861,100000113,LIFi23Sst,LIFi23Htr3a,0.754935587824297,DirectionRule_others,50.0,1.5,instanteneousInh.json,,
2872,100000113,LIFi23Sst,i23Htr3a,0.8774652013512428,DirectionRule_others,50.0,1.5,instanteneousInh.json,,
2873,100000113,LIFi23Sst,e4Rorb,0.7539659700455513,DirectionRule_others,50.0,1.5,instanteneousInh.json,,
2879,100000113,LIFi23Sst,i23Sst,0.09364848503703474,DirectionRule_others,50.0,1.5,instanteneousInh.json,,
2883,100000113,LIFi23Sst,LIFi23Htr3a,0.754935587824297,DirectionRule_others,50.0,1.5,instanteneousInh.json,,
2889,100000113,LIFi23Sst,i5Sst,0.7539659700455513,DirectionRule_others,50.0,1.5,instanteneousInh.json,,
2895,100000113,LIFi23Sst,LIFe5Rbp4,0.7444564566433077,DirectionRule_others,90.0,1.5,instanteneousExc.json,,
2901,100000113,LIFi23Sst,LIFe23Cux2,0.8774652013512428,DirectionRule_others,90.0,1.5,instanteneousExc.json,,
2907,100000113,LIFi23Sst,LIFe4Scnn1a,1.6937355950834674,DirectionRule_others,90.0,1.5,instanteneousExc.json,,
2913,100000113,LIFi23Sst,LIFi23Pvalb,0.7444564566433077,DirectionRule_others,50.0,1.2,instanteneousInh.json,,
2919,100000113,LIFi23Sst,LIFe4other,1.0726850375532446,DirectionRule_others,90.0,1.5,instanteneousExc.json,,
2926,100000113,LIFi23Sst,LIFi4Pvalb,0.1119934460060303,DirectionRule_others,50.0,1.2,instanteneousInh.json,,
2933,100000113,LIFi23Sst,LIFe4Rorb,0.754935587824297,DirectionRule_others,90.0,1.5,instanteneousExc.json,,
2938,100000113,LIFi23Sst,LIFi4Htr3a,0.09364848503703474,DirectionRule_others,50.0,1.5,instanteneousInh.json,,
2944,100000113,LIFi23Sst,LIFi4Sst,0.8022809350848676,DirectionRule_others,50.0,1.5,instanteneousInh.json,,
2950,100000113,LIFi23Sst,LIFe4Nr5a1,0.8774652013512428,DirectionRule_others,90.0,1.5,instanteneousExc.json,,
2956,100000113,LIFi23Sst,LIFe5noRbp4,1.6937355950834674,DirectionRule_others,90.0,1.5,instanteneousExc.json,,
2967,100000113,LIFi23Sst,LIFi23Htr3a,0.754935587824297,DirectionRule_others,50.0,1.5,instanteneousInh.json,,
2968,100000113,LIFi23Sst,i23Htr3a,0.5411400527326888,DirectionRule_others,50.0,1.5,instanteneousInh.json,,
2974,100000113,LIFi23Sst,LIFi23Sst,0.7444564566433077,DirectionRule_others,50.0,1.5,instanteneousInh.json,,
2980,100000113,LIFi23Sst,LIFi5Sst,2.0,DirectionRule_others,50.0,1.5,instanteneousInh.json,,
2985,100000113,LIFi23Sst,i1Htr3a,0.09364848503703474,DirectionRule_others,50.0,3.8,instanteneousInh.json,,
2990,100000113,LIFi23Sst,LIFi1Htr3a,0.0,DirectionRule_others,50.0,3.8,instanteneousInh.json,,
2991,100000114,LIFi4Htr3a,e5Rbp4,0.39775587927999406,DirectionRule_others,90.0,1.5,instanteneousExc.json,,
2992,100000115,LIFi4Sst,e5Rbp4,2.0,DirectionRule_others,90.0,1.5,instanteneousExc.json,,
2993,100000114,LIFi4Htr3a,e23Cux2,0.8022809350848676,DirectionRule_others,90.0,1.5,instanteneousExc.json,,
2994,100000115,LIFi4Sst,e23Cux2,0.0,DirectionRule_others,90.0,1.5,instanteneousExc.json,,
2995,100000114,LIFi4Htr3a,e4Scnn1a,0.1119934460060303,DirectionRule_others,90.0,1.5,instanteneousExc.json,,
2996,100000115,LIFi4Sst,e4Scnn1a,0.5411400527326888,DirectionRule_others,90.0,1.5,instanteneousExc.json,,
2997,100000114,LIFi4Htr3a,i23Pvalb,0.1119934460060303,DirectionRule_others,50.0,1.2,instanteneousInh.json,,
2998,100000115,LIFi4Sst,i23Pvalb,0.754935587824297,DirectionRule_others,50.0,1.2,instanteneousInh.json,,
2999,100000114,LIFi4Htr3a,e4other,2.0,DirectionRule_others,90.0,1.5,instanteneousExc.json,,
3000,100000115,LIFi4Sst,e4other,0.8022809350848676,DirectionRule_others,90.0,1.5,instanteneousExc.json,,
3001,100000114,LIFi4Htr3a,i5Pvalb,1.0726850375532446,DirectionRule_others,50.0,1.2,instanteneousInh.json,,
3002,100000115,LIFi4Sst,i5Pvalb,0.8774652013512428,DirectionRule_others,50.0,1.2,instanteneousInh.json,,
3003,100000114,LIFi4Htr3a,i4Pvalb,0.3180164835022387,DirectionRule_others,50.0,1.2,instanteneousInh.json,,
3004,100000115,LIFi4Sst,i4Pvalb,1.6937355950834674,DirectionRule_others,50.0,1.2,instanteneousInh.json,,
3005,100000114,LIFi4Htr3a,LIFe4Rorb,0.754935587824297,DirectionRule_others,90.0,1.5,instanteneousExc.json,,
3006,100000114,LIFi4Htr3a,e4Rorb,0.15522180654829035,DirectionRule_others,90.0,1.5,instanteneousExc.json,,
3007,100000115,LIFi4Sst,LIFe4Rorb,0.7444564566433077,DirectionRule_others,90.0,1.5,instanteneousExc.json,,
3008,100000115,LIFi4Sst,e4Rorb,2.0,DirectionRule_others,90.0,1.5,instanteneousExc.json,,
3009,100000114,LIFi4Htr3a,i4Htr3a,0.09364848503703474,DirectionRule_others,50.0,1.5,instanteneousInh.json,,
3010,100000115,LIFi4Sst,i4Htr3a,0.7539659700455513,DirectionRule_others,50.0,1.5,instanteneousInh.json,,
3011,100000114,LIFi4Htr3a,i4Sst,0.8774652013512428,DirectionRule_others,50.0,1.5,instanteneousInh.json,,
3012,100000115,LIFi4Sst,i4Sst,0.754935587824297,DirectionRule_others,50.0,1.5,instanteneousInh.json,,
3013,100000114,LIFi4Htr3a,e4Nr5a1,1.0726850375532446,DirectionRule_others,90.0,1.5,instanteneousExc.json,,
3014,100000115,LIFi4Sst,e4Nr5a1,1.0726850375532446,DirectionRule_others,90.0,1.5,instanteneousExc.json,,
3015,100000114,LIFi4Htr3a,e5noRbp4,0.754935587824297,DirectionRule_others,90.0,1.5,instanteneousExc.json,,
3016,100000115,LIFi4Sst,e5noRbp4,2.0,DirectionRule_others,90.0,1.5,instanteneousExc.json,,
3018,100000114,LIFi4Htr3a,LIFi23Htr3a,0.8022809350848676,DirectionRule_others,50.0,1.5,instanteneousInh.json,,
3019,100000115,LIFi4Sst,LIFi23Htr3a,0.7444564566433077,DirectionRule_others,50.0,1.5,instanteneousInh.json,,
3020,100000114,LIFi4Htr3a,i23Htr3a,0.1119934460060303,DirectionRule_others,50.0,1.5,instanteneousInh.json,,
3021,100000114,LIFi4Htr3a,e4Rorb,1.6937355950834674,DirectionRule_others,50.0,1.5,instanteneousInh.json,,
3022,100000115,LIFi4Sst,i23Htr3a,0.0,DirectionRule_others,50.0,1.5,instanteneousInh.json,,
3023,100000115,LIFi4Sst,e4Rorb,2.0,DirectionRule_others,50.0,1.5,instanteneousInh.json,,
3024,100000114,LIFi4Htr3a,i23Sst,0.12651956476087514,DirectionRule_others,50.0,1.5,instanteneousInh.json,,
3025,100000115,LIFi4Sst,i23Sst,2.0,DirectionRule_others,50.0,1.5,instanteneousInh.json,,
3027,100000114,LIFi4Htr3a,LIFi23Htr3a,0.3180164835022387,DirectionRule_others,50.0,1.5,instanteneousInh.json,,
3028,100000114,LIFi4Htr3a,i5Htr3a,0.3180164835022387,DirectionRule_others,50.0,1.5,instanteneousInh.json,,
3029,100000115,LIFi4Sst,LIFi23Htr3a,1.6937355950834674,DirectionRule_others,50.0,1.5,instanteneousInh.json,,
3030,100000115,LIFi4Sst,i5Htr3a,0.7539659700455513,DirectionRule_others,50.0,1.5,instanteneousInh.json,,
3031,100000114,LIFi4Htr3a,i5Sst,0.1119934460060303,DirectionRule_others,50.0,1.5,instanteneousInh.json,,
3032,100000115,LIFi4Sst,i5Sst,2.0,DirectionRule_others,50.0,1.5,instanteneousInh.json,,
3033,100000114,LIFi4Htr3a,LIFe5Rbp4,0.7539659700455513,DirectionRule_others,90.0,1.5,instanteneousExc.json,,
3034,100000115,LIFi4Sst,LIFe5Rbp4,2.0,DirectionRule_others,90.0,1.5,instanteneousExc.json,,
3035,100000114,LIFi4Htr3a,LIFe23Cux2,0.754935587824297,DirectionRule_others,90.0,1.5,instanteneousExc.json,,
3036,100000115,LIFi4Sst,LIFe23Cux2,1.0726850375532446,DirectionRule_others,90.0,1.5,instanteneousExc.json,,
3037,100000114,LIFi4Htr3a,LIFe4Scnn1a,0.3180164835022387,DirectionRule_others,90.0,1.5,instanteneousExc.json,,
3038,100000115,LIFi4Sst,LIFe4Scnn1a,0.7539659700455513,DirectionRule_others,90.0,1.5,instanteneousExc.json,,
3039,100000114,LIFi4Htr3a,LIFi23Pvalb,0.7444564566433077,DirectionRule_others,50.0,1.2,instanteneousInh.json,,
3040,100000115,LIFi4Sst,LIFi23Pvalb,0.8022809350848676,DirectionRule_others,50.0,1.2,instanteneousInh.json,,
3041,100000114,LIFi4Htr3a,LIFe4other,0.09364848503703474,DirectionRule_others,90.0,1.5,instanteneousExc.json,,
3042,100000115,LIFi4Sst,LIFe4other,0.0,DirectionRule_others,90.0,1.5,instanteneousExc.json,,
3043,100000114,LIFi4Htr3a,LIFi5Pvalb,1.6937355950834674,DirectionRule_others,50.0,1.2,instanteneousInh.json,,
3044,100000115,LIFi4Sst,LIFi5Pvalb,0.15522180654829035,DirectionRule_others,50.0,1.2,instanteneousInh.json,,
3045,100000114,LIFi4Htr3a,LIFi4Pvalb,0.3180164835022387,DirectionRule_others,50.0,1.2,instanteneousInh.json,,
3046,100000115,LIFi4Sst,LIFi4Pvalb,0.3180164835022387,DirectionRule_others,50.0,1.2,instanteneousInh.json,,
3047,100000114,LIFi4Htr3a,LIFe4Rorb,0.8022809350848676,DirectionRule_others,90.0,1.5,instanteneousExc.json,,
3048,100000114,LIFi4Htr3a,i5Htr3a,1.6937355950834674,DirectionRule_others,90.0,1.5,instanteneousExc.json,,
3049,100000115,LIFi4Sst,LIFe4Rorb,0.39775587927999406,DirectionRule_others,90.0,1.5,instanteneousExc.json,,
3050,100000115,LIFi4Sst,i5Htr3a,1.0726850375532446,DirectionRule_others,90.0,1.5,instanteneousExc.json,,
3052,100000114,LIFi4Htr3a,LIFi4Htr3a,0.7539659700455513,DirectionRule_others,50.0,1.5,instanteneousInh.json,,
3053,100000115,LIFi4Sst,LIFi4Htr3a,0.7444564566433077,DirectionRule_others,50.0,1.5,instanteneousInh.json,,
3054,100000114,LIFi4Htr3a,LIFi4Sst,0.5411400527326888,DirectionRule_others,50.0,1.5,instanteneousInh.json,,
3055,100000115,LIFi4Sst,LIFi4Sst,0.5411400527326888,DirectionRule_others,50.0,1.5,instanteneousInh.json,,
3056,100000114,LIFi4Htr3a,LIFe4Nr5a1,0.39775587927999406,DirectionRule_others,90.0,1.5,instanteneousExc.json,,
3057,100000115,LIFi4Sst,LIFe4Nr5a1,0.1119934460060303,DirectionRule_others,90.0,1.5,instanteneousExc.json,,
3058,100000114,LIFi4Htr3a,LIFe5noRbp4,0.8774652013512428,DirectionRule_others,90.0,1.5,instanteneousExc.json,,
3059,100000115,LIFi4Sst,LIFe5noRbp4,0.3180164835022387,DirectionRule_others,90.0,1.5,instanteneousExc.json,,
3060,100000114,LIFi4Htr3a,LIFi23Htr3a,0.7539659700455513,DirectionRule_others,50.0,1.5,instanteneousInh.json,,
3061,100000114,LIFi4Htr3a,i23Htr3a,0.15522180654829035,DirectionRule_others,50.0,1.5,instanteneousInh.json,,
3062,100000115,LIFi4Sst,LIFi23Htr3a,2.0,DirectionRule_others,50.0,1.5,instanteneousInh.json,,
3063,100000115,LIFi4Sst,i23Htr3a,0.12651956476087514,DirectionRule_others,50.0,1.5,instanteneousInh.json,,
3064,100000114,LIFi4Htr3a,LIFi23Sst,0.754935587824297,DirectionRule_others,50.0,1.5,instanteneousInh.json,,
3065,100000115,LIFi4Sst,LIFi23Sst,0.09364848503703474,DirectionRule_others,50.0,1.5,instanteneousInh.json,,
3067,100000114,LIFi4Htr3a,LIFi5Htr3a,0.1119934460060303,DirectionRule_others,50.0,1.5,instanteneousInh.json,,
3068,100000115,LIFi4Sst,LIFi5Htr3a,0.12651956476087514,DirectionRule_others,50.0,1.5,instanteneousInh.json,,
3069,100000114,LIFi4Htr3a,LIFi5Sst,0.8022809350848676,DirectionRule_others,50.0,1.5,instanteneousInh.json,,
3070,100000115,LIFi4Sst,LIFi5Sst,0.7539659700455513,DirectionRule_others,50.0,1.5,instanteneousInh.json,,
3143,100000116,LIFe4Nr5a1,e5Rbp4,2.0,DirectionRule_EE,30.0,2.5,instanteneousExc.json,,
3144,100000116,LIFe4Nr5a1,e23Cux2,0.8774652013512428,DirectionRule_EE,30.0,1.6,instanteneousExc.json,,
3145,100000116,LIFe4Nr5a1,i6Pvalb,2.0,DirectionRule_others,90.0,0.9,instanteneousInh.json,,
3146,100000116,LIFe4Nr5a1,e4Scnn1a,0.3180164835022387,DirectionRule_EE,30.0,1.3,instanteneousExc.json,,
3147,100000116,LIFe4Nr5a1,i23Pvalb,0.754935587824297,DirectionRule_others,90.0,0.9,instanteneousInh.json,,
3148,100000116,LIFe4Nr5a1,e4other,0.0,DirectionRule_EE,30.0,1.3,instanteneousExc.json,,
3149,100000116,LIFe4Nr5a1,i4Pvalb,0.7539659700455513,DirectionRule_others,90.0,0.9,instanteneousInh.json,,
3150,100000116,LIFe4Nr5a1,e4Rorb,1.6937355950834674,DirectionRule_EE,30.0,1.3,instanteneousExc.json,,
3151,100000116,LIFe4Nr5a1,LIFe4Rorb,0.8774652013512428,DirectionRule_EE,30.0,1.3,instanteneousExc.json,,
3152,100000116,LIFe4Nr5a1,i4Htr3a,0.7539659700455513,DirectionRule_others,90.0,1.5,instanteneousInh.json,,
3153,100000116,LIFe4Nr5a1,i4Sst,0.15522180654829035,DirectionRule_others,90.0,1.5,instanteneousInh.json,,
3154,100000116,LIFe4Nr5a1,e4Nr5a1,1.6937355950834674,DirectionRule_EE,30.0,1.3,instanteneousExc.json,,
3155,100000116,LIFe4Nr5a1,e5noRbp4,0.15522180654829035,DirectionRule_EE,30.0,2.5,instanteneousExc.json,,
3157,100000116,LIFe4Nr5a1,LIFi23Htr3a,1.0726850375532446,DirectionRule_others,90.0,1.5,instanteneousInh.json,,
3158,100000116,LIFe4Nr5a1,i23Htr3a,0.5411400527326888,DirectionRule_others,90.0,1.5,instanteneousInh.json,,
3159,100000116,LIFe4Nr5a1,e4Rorb,0.8774652013512428,DirectionRule_others,90.0,1.5,instanteneousInh.json,,
3160,100000116,LIFe4Nr5a1,i23Sst,0.8774652013512428,DirectionRule_others,90.0,1.5,instanteneousInh.json,,
3162,100000116,LIFe4Nr5a1,LIFi23Htr3a,0.1119934460060303,DirectionRule_others,90.0,1.5,instanteneousInh.json,,
3163,100000116,LIFe4Nr5a1,i5Htr3a,0.7539659700455513,DirectionRule_others,90.0,1.5,instanteneousInh.json,,
3164,100000116,LIFe4Nr5a1,i5Sst,0.1119934460060303,DirectionRule_others,90.0,1.5,instanteneousInh.json,,
3165,100000116,LIFe4Nr5a1,LIFe5Rbp4,0.8774652013512428,DirectionRule_EE,30.0,2.5,instanteneousExc.json,,
3166,100000116,LIFe4Nr5a1,LIFe23Cux2,0.15522180654829035,DirectionRule_EE,30.0,1.6,instanteneousExc.json,,
3167,100000116,LIFe4Nr5a1,LIFi6Pvalb,0.12651956476087514,DirectionRule_others,90.0,0.9,instanteneousInh.json,,
3168,100000116,LIFe4Nr5a1,LIFe4Scnn1a,0.09364848503703474,DirectionRule_EE,30.0,1.3,instanteneousExc.json,,
3169,100000116,LIFe4Nr5a1,LIFi23Pvalb,0.3180164835022387,DirectionRule_others,90.0,0.9,instanteneousInh.json,,
3170,100000116,LIFe4Nr5a1,LIFe4other,0.3180164835022387,DirectionRule_EE,30.0,1.3,instanteneousExc.json,,
3171,100000116,LIFe4Nr5a1,LIFi4Pvalb,0.39775587927999406,DirectionRule_others,90.0,0.9,instanteneousInh.json,,
3172,100000116,LIFe4Nr5a1,LIFe4Rorb,0.1119934460060303,DirectionRule_EE,30.0,1.3,instanteneousExc.json,,
3173,100000116,LIFe4Nr5a1,i5Htr3a,0.754935587824297,DirectionRule_EE,30.0,1.3,instanteneousExc.json,,
3174,100000116,LIFe4Nr5a1,LIFi4Htr3a,1.6937355950834674,DirectionRule_others,90.0,1.5,instanteneousInh.json,,
3175,100000116,LIFe4Nr5a1,LIFi4Sst,0.7444564566433077,DirectionRule_others,90.0,1.5,instanteneousInh.json,,
3176,100000116,LIFe4Nr5a1,LIFe4Nr5a1,1.6937355950834674,DirectionRule_EE,30.0,1.3,instanteneousExc.json,,
3177,100000116,LIFe4Nr5a1,LIFe5noRbp4,1.6937355950834674,DirectionRule_EE,30.0,2.5,instanteneousExc.json,,
3178,100000116,LIFe4Nr5a1,LIFi23Htr3a,0.8022809350848676,DirectionRule_others,90.0,1.5,instanteneousInh.json,,
3179,100000116,LIFe4Nr5a1,i23Htr3a,0.754935587824297,DirectionRule_others,90.0,1.5,instanteneousInh.json,,
3180,100000116,LIFe4Nr5a1,LIFi23Sst,1.0726850375532446,DirectionRule_others,90.0,1.5,instanteneousInh.json,,
3181,100000116,LIFe4Nr5a1,LIFi5Htr3a,0.09364848503703474,DirectionRule_others,90.0,1.5,instanteneousInh.json,,
3182,100000116,LIFe4Nr5a1,LIFi5Sst,0.09364848503703474,DirectionRule_others,90.0,1.5,instanteneousInh.json,,
3183,100000116,LIFe4Nr5a1,i1Htr3a,1.6937355950834674,DirectionRule_others,90.0,3.8,instanteneousInh.json,,
3184,100000116,LIFe4Nr5a1,LIFi1Htr3a,0.3180164835022387,DirectionRule_others,90.0,3.8,instanteneousInh.json,,
3510,100000118,LIFi5Sst,e5Rbp4,0.754935587824297,DirectionRule_others,90.0,1.5,instanteneousExc.json,,
3513,100000117,LIFi1Htr3a,e5Rbp4,0.5411400527326888,DirectionRule_others,90.0,1.5,instanteneousExc.json,,
3514,100000118,LIFi5Sst,e23Cux2,0.39775587927999406,DirectionRule_others,90.0,1.5,instanteneousExc.json,,
3515,100000118,LIFi5Sst,i6Pvalb,0.8022809350848676,DirectionRule_others,50.0,1.2,instanteneousInh.json,,
3516,100000118,LIFi5Sst,e4Scnn1a,0.09364848503703474,DirectionRule_others,90.0,1.5,instanteneousExc.json,,
3519,100000117,LIFi1Htr3a,i23Pvalb,0.7444564566433077,DirectionRule_others,50.0,1.2,instanteneousInh.json,,
3520,100000118,LIFi5Sst,e4other,0.8774652013512428,DirectionRule_others,90.0,1.5,instanteneousExc.json,,
3521,100000118,LIFi5Sst,i5Pvalb,0.5411400527326888,DirectionRule_others,50.0,1.2,instanteneousInh.json,,
3522,100000118,LIFi5Sst,i4Pvalb,0.8774652013512428,DirectionRule_others,50.0,1.2,instanteneousInh.json,,
3523,100000118,LIFi5Sst,LIFe4Rorb,0.8774652013512428,DirectionRule_others,90.0,1.5,instanteneousExc.json,,
3524,100000118,LIFi5Sst,e4Rorb,0.754935587824297,DirectionRule_others,90.0,1.5,instanteneousExc.json,,
3525,100000118,LIFi5Sst,i4Htr3a,1.0726850375532446,DirectionRule_others,50.0,1.5,instanteneousInh.json,,
3528,100000117,LIFi1Htr3a,i4Sst,0.3180164835022387,DirectionRule_others,50.0,1.5,instanteneousInh.json,,
3529,100000118,LIFi5Sst,e4Nr5a1,0.7539659700455513,DirectionRule_others,90.0,1.5,instanteneousExc.json,,
3530,100000118,LIFi5Sst,e5noRbp4,0.15522180654829035,DirectionRule_others,90.0,1.5,instanteneousExc.json,,
3533,100000117,LIFi1Htr3a,e5noRbp4,1.6937355950834674,DirectionRule_others,90.0,1.5,instanteneousExc.json,,
3534,100000118,LIFi5Sst,e6Ntsr1,0.09364848503703474,DirectionRule_others,90.0,1.5,instanteneousExc.json,,
3535,100000118,LIFi5Sst,i6Htr3a,1.0726850375532446,DirectionRule_others,50.0,1.5,instanteneousInh.json,,
3536,100000118,LIFi5Sst,e4Rorb,0.7539659700455513,DirectionRule_others,50.0,1.5,instanteneousInh.json,,
3539,100000117,LIFi1Htr3a,i23Sst,1.6937355950834674,DirectionRule_others,50.0,1.5,instanteneousInh.json,,
3540,100000118,LIFi5Sst,i5Htr3a,2.0,DirectionRule_others,50.0,1.5,instanteneousInh.json,,
3541,100000118,LIFi5Sst,i6Htr3a,0.8774652013512428,DirectionRule_others,50.0,1.5,instanteneousInh.json,,
3542,100000118,LIFi5Sst,i6Sst,0.8022809350848676,DirectionRule_others,50.0,1.5,instanteneousInh.json,,
3543,100000118,LIFi5Sst,i5Sst,0.3180164835022387,DirectionRule_others,50.0,1.5,instanteneousInh.json,,
3546,100000117,LIFi1Htr3a,i5Sst,0.7539659700455513,DirectionRule_others,50.0,1.5,instanteneousInh.json,,
3547,100000118,LIFi5Sst,LIFe5Rbp4,1.6937355950834674,DirectionRule_others,90.0,1.5,instanteneousExc.json,,
3550,100000117,LIFi1Htr3a,LIFe5Rbp4,0.7539659700455513,DirectionRule_others,90.0,1.5,instanteneousExc.json,,
3551,100000118,LIFi5Sst,LIFe23Cux2,1.0726850375532446,DirectionRule_others,90.0,1.5,instanteneousExc.json,,
3552,100000118,LIFi5Sst,LIFi6Pvalb,0.5411400527326888,DirectionRule_others,50.0,1.2,instanteneousInh.json,,
3553,100000118,LIFi5Sst,LIFe4Scnn1a,0.8774652013512428,DirectionRule_others,90.0,1.5,instanteneousExc.json,,
3556,100000117,LIFi1Htr3a,LIFi23Pvalb,2.0,DirectionRule_others,50.0,1.2,instanteneousInh.json,,
3557,100000118,LIFi5Sst,LIFe4other,0.39775587927999406,DirectionRule_others,90.0,1.5,instanteneousExc.json,,
3558,100000118,LIFi5Sst,LIFi5Pvalb,1.6937355950834674,DirectionRule_others,50.0,1.2,instanteneousInh.json,,
3559,100000118,LIFi5Sst,LIFi4Pvalb,0.1119934460060303,DirectionRule_others,50.0,1.2,instanteneousInh.json,,
3560,100000118,LIFi5Sst,LIFe4Rorb,0.7444564566433077,DirectionRule_others,90.0,1.5,instanteneousExc.json,,
3561,100000118,LIFi5Sst,i5Htr3a,1.0726850375532446,DirectionRule_others,90.0,1.5,instanteneousExc.json,,
3562,100000118,LIFi5Sst,LIFi4Htr3a,0.7444564566433077,DirectionRule_others,50.0,1.5,instanteneousInh.json,,
3565,100000117,LIFi1Htr3a,LIFi4Sst,2.0,DirectionRule_others,50.0,1.5,instanteneousInh.json,,
3566,100000118,LIFi5Sst,LIFe4Nr5a1,0.39775587927999406,DirectionRule_others,90.0,1.5,instanteneousExc.json,,
3567,100000118,LIFi5Sst,LIFe5noRbp4,0.1119934460060303,DirectionRule_others,90.0,1.5,instanteneousExc.json,,
3570,100000117,LIFi1Htr3a,LIFe5noRbp4,0.39775587927999406,DirectionRule_others,90.0,1.5,instanteneousExc.json,,
3571,100000118,LIFi5Sst,LIFe6Ntsr1,0.8774652013512428,DirectionRule_others,90.0,1.5,instanteneousExc.json,,
3572,100000118,LIFi5Sst,LIFi6Htr3a,0.1119934460060303,DirectionRule_others,50.0,1.5,instanteneousInh.json,,
3575,100000117,LIFi1Htr3a,LIFi23Sst,0.1119934460060303,DirectionRule_others,50.0,1.5,instanteneousInh.json,,
3576,100000118,LIFi5Sst,LIFi5Htr3a,0.754935587824297,DirectionRule_others,50.0,1.5,instanteneousInh.json,,
3577,100000118,LIFi5Sst,LIFi6Sst,0.8774652013512428,DirectionRule_others,50.0,1.5,instanteneousInh.json,,
3578,100000118,LIFi5Sst,LIFi5Sst,0.15522180654829035,DirectionRule_others,50.0,1.5,instanteneousInh.json,,
3581,100000117,LIFi1Htr3a,LIFi5Sst,1.6937355950834674,DirectionRule_others,50.0,1.5,instanteneousInh.json,,
3584,100000117,LIFi1Htr3a,i1Htr3a,0.754935587824297,DirectionRule_others,50.0,3.8,instanteneousInh.json,,
3587,100000117,LIFi1Htr3a,LIFi1Htr3a,0.15522180654829035,DirectionRule_others,50.0,3.8,instanteneousInh.json,,
3593,100000119,LIFe5noRbp4,e5Rbp4,0.754935587824297,DirectionRule_EE,30.0,1.5,instanteneousExc.json,,
3599,100000119,LIFe5noRbp4,e23Cux2,0.15522180654829035,DirectionRule_EE,30.0,1.8,instanteneousExc.json,,
3604,100000119,LIFe5noRbp4,i6Pvalb,0.39775587927999406,DirectionRule_others,90.0,0.9,instanteneousInh.json,,
3610,100000119,LIFe5noRbp4,e4Scnn1a,0.39775587927999406,DirectionRule_EE,30.0,1.5,instanteneousExc.json,,
3611,100000119,LIFe5noRbp4,i23Pvalb,0.754935587824297,DirectionRule_others,90.0,0.9,instanteneousInh.json,,
3617,100000119,LIFe5noRbp4,e4other,0.12651956476087514,DirectionRule_EE,30.0,1.5,instanteneousExc.json,,
3623,100000119,LIFe5noRbp4,i5Pvalb,1.0726850375532446,DirectionRule_others,90.0,0.9,instanteneousInh.json,,
3629,100000119,LIFe5noRbp4,i4Pvalb,1.6937355950834674,DirectionRule_others,90.0,0.9,instanteneousInh.json,,
3638,100000119,LIFe5noRbp4,e4Rorb,0.8022809350848676,DirectionRule_EE,30.0,1.5,instanteneousExc.json,,
3639,100000119,LIFe5noRbp4,LIFe4Rorb,0.8022809350848676,DirectionRule_EE,30.0,1.5,instanteneousExc.json,,
3645,100000119,LIFe5noRbp4,i4Sst,0.12651956476087514,DirectionRule_others,90.0,1.5,instanteneousInh.json,,
3651,100000119,LIFe5noRbp4,e4Nr5a1,0.0,DirectionRule_EE,30.0,1.5,instanteneousExc.json,,
3657,100000119,LIFe5noRbp4,e5noRbp4,0.15522180654829035,DirectionRule_EE,30.0,1.5,instanteneousExc.json,,
3663,100000119,LIFe5noRbp4,e6Ntsr1,0.5411400527326888,DirectionRule_EE,30.0,3.5,instanteneousExc.json,,
3668,100000119,LIFe5noRbp4,i6Htr3a,0.7444564566433077,DirectionRule_others,90.0,1.5,instanteneousInh.json,,
3673,100000119,LIFe5noRbp4,e4Rorb,0.12651956476087514,DirectionRule_others,90.0,1.5,instanteneousInh.json,,
3674,100000119,LIFe5noRbp4,i23Sst,0.09364848503703474,DirectionRule_others,90.0,1.5,instanteneousInh.json,,
3684,100000119,LIFe5noRbp4,i5Htr3a,0.3180164835022387,DirectionRule_others,90.0,1.5,instanteneousInh.json,,
3685,100000119,LIFe5noRbp4,i6Htr3a,0.15522180654829035,DirectionRule_others,90.0,1.5,instanteneousInh.json,,
3691,100000119,LIFe5noRbp4,i6Sst,0.7539659700455513,DirectionRule_others,90.0,1.5,instanteneousInh.json,,
3697,100000119,LIFe5noRbp4,i5Sst,0.3180164835022387,DirectionRule_others,90.0,1.5,instanteneousInh.json,,
3702,100000119,LIFe5noRbp4,LIFe5Rbp4,0.7444564566433077,DirectionRule_EE,30.0,1.5,instanteneousExc.json,,
3707,100000119,LIFe5noRbp4,LIFe23Cux2,2.0,DirectionRule_EE,30.0,1.8,instanteneousExc.json,,
3712,100000119,LIFe5noRbp4,LIFi6Pvalb,0.0,DirectionRule_others,90.0,0.9,instanteneousInh.json,,
3717,100000119,LIFe5noRbp4,LIFe4Scnn1a,0.12651956476087514,DirectionRule_EE,30.0,1.5,instanteneousExc.json,,
3718,100000119,LIFe5noRbp4,LIFi23Pvalb,0.39775587927999406,DirectionRule_others,90.0,0.9,instanteneousInh.json,,
3723,100000119,LIFe5noRbp4,LIFe4other,0.39775587927999406,DirectionRule_EE,30.0,1.5,instanteneousExc.json,,
3728,100000119,LIFe5noRbp4,LIFi5Pvalb,0.15522180654829035,DirectionRule_others,90.0,0.9,instanteneousInh.json,,
3733,100000119,LIFe5noRbp4,LIFi4Pvalb,0.3180164835022387,DirectionRule_others,90.0,0.9,instanteneousInh.json,,
3742,100000119,LIFe5noRbp4,LIFe4Rorb,0.12651956476087514,DirectionRule_EE,30.0,1.5,instanteneousExc.json,,
3743,100000119,LIFe5noRbp4,i5Htr3a,0.15522180654829035,DirectionRule_EE,30.0,1.5,instanteneousExc.json,,
3748,100000119,LIFe5noRbp4,LIFi4Sst,0.12651956476087514,DirectionRule_others,90.0,1.5,instanteneousInh.json,,
3753,100000119,LIFe5noRbp4,LIFe4Nr5a1,1.0726850375532446,DirectionRule_EE,30.0,1.5,instanteneousExc.json,,
3758,100000119,LIFe5noRbp4,LIFe5noRbp4,2.0,DirectionRule_EE,30.0,1.5,instanteneousExc.json,,
3763,100000119,LIFe5noRbp4,LIFe6Ntsr1,0.8022809350848676,DirectionRule_EE,30.0,3.5,instanteneousExc.json,,
3768,100000119,LIFe5noRbp4,LIFi6Htr3a,1.0726850375532446,DirectionRule_others,90.0,1.5,instanteneousInh.json,,
3769,100000119,LIFe5noRbp4,LIFi23Sst,0.09364848503703474,DirectionRule_others,90.0,1.5,instanteneousInh.json,,
3774,100000119,LIFe5noRbp4,LIFi5Htr3a,0.09364848503703474,DirectionRule_others,90.0,1.5,instanteneousInh.json,,
3779,100000119,LIFe5noRbp4,LIFi6Sst,0.09364848503703474,DirectionRule_others,90.0,1.5,instanteneousInh.json,,
3784,100000119,LIFe5noRbp4,LIFi5Sst,0.3180164835022387,DirectionRule_others,90.0,1.5,instanteneousInh.json,,
3785,100000119,LIFe5noRbp4,i1Htr3a,0.754935587824297,DirectionRule_others,90.0,3.8,instanteneousInh.json,,
3786,100000119,LIFe5noRbp4,LIFi1Htr3a,0.8022809350848676,DirectionRule_others,90.0,3.8,instanteneousInh.json,,
3804,100000120,LIFi6Sst,e5Rbp4,0.0,DirectionRule_others,90.0,1.5,instanteneousExc.json,,
3839,100000120,LIFi6Sst,i6Pvalb,0.39775587927999406,DirectionRule_others,50.0,1.2,instanteneousInh.json,,
3908,100000120,LIFi6Sst,i5Pvalb,0.7444564566433077,DirectionRule_others,50.0,1.2,instanteneousInh.json,,
4009,100000120,LIFi6Sst,e5noRbp4,1.6937355950834674,DirectionRule_others,90.0,1.5,instanteneousExc.json,,
4027,100000120,LIFi6Sst,e6Ntsr1,0.8774652013512428,DirectionRule_others,90.0,1.5,instanteneousExc.json,,
4045,100000120,LIFi6Sst,i6Htr3a,0.3180164835022387,DirectionRule_others,50.0,1.5,instanteneousInh.json,,
4113,100000120,LIFi6Sst,i5Htr3a,0.09364848503703474,DirectionRule_others,50.0,1.5,instanteneousInh.json,,
4114,100000120,LIFi6Sst,i6Htr3a,0.5411400527326888,DirectionRule_others,50.0,1.5,instanteneousInh.json,,
4132,100000120,LIFi6Sst,i6Sst,0.7539659700455513,DirectionRule_others,50.0,1.5,instanteneousInh.json,,
4150,100000120,LIFi6Sst,i5Sst,1.0726850375532446,DirectionRule_others,50.0,1.5,instanteneousInh.json,,
4168,100000120,LIFi6Sst,LIFe5Rbp4,0.09364848503703474,DirectionRule_others,90.0,1.5,instanteneousExc.json,,
4203,100000120,LIFi6Sst,LIFi6Pvalb,0.15522180654829035,DirectionRule_others,50.0,1.2,instanteneousInh.json,,
4272,100000120,LIFi6Sst,LIFi5Pvalb,0.0,DirectionRule_others,50.0,1.2,instanteneousInh.json,,
4324,100000120,LIFi6Sst,i5Htr3a,0.7444564566433077,DirectionRule_others,90.0,1.5,instanteneousExc.json,,
4376,100000120,LIFi6Sst,LIFe5noRbp4,0.7539659700455513,DirectionRule_others,90.0,1.5,instanteneousExc.json,,
4394,100000120,LIFi6Sst,LIFe6Ntsr1,1.0726850375532446,DirectionRule_others,90.0,1.5,instanteneousExc.json,,
4412,100000120,LIFi6Sst,LIFi6Htr3a,0.0,DirectionRule_others,50.0,1.5,instanteneousInh.json,,
4447,100000120,LIFi6Sst,LIFi5Htr3a,0.7444564566433077,DirectionRule_others,50.0,1.5,instanteneousInh.json,,
4465,100000120,LIFi6Sst,LIFi6Sst,0.754935587824297,DirectionRule_others,50.0,1.5,instanteneousInh.json,,
4483,100000120,LIFi6Sst,LIFi5Sst,0.7539659700455513,DirectionRule_others,50.0,1.5,instanteneousInh.json,,
4751,100000121,LIFe6Ntsr1,e5Rbp4,1.6937355950834674,DirectionRule_EE,30.0,1.8,instanteneousExc.json,,
4752,100000121,LIFe6Ntsr1,i6Pvalb,0.8022809350848676,DirectionRule_others,90.0,0.9,instanteneousInh.json,,
4753,100000121,LIFe6Ntsr1,e4Scnn1a,1.6937355950834674,DirectionRule_EE,30.0,1.9,instanteneousExc.json,,
4754,100000121,LIFe6Ntsr1,e4other,0.09364848503703474,DirectionRule_EE,30.0,1.9,instanteneousExc.json,,
4755,100000121,LIFe6Ntsr1,i5Pvalb,0.12651956476087514,DirectionRule_others,90.0,0.9,instanteneousInh.json,,
4757,100000121,LIFe6Ntsr1,e4Rorb,2.0,DirectionRule_EE,30.0,1.9,instanteneousExc.json,,
4758,100000121,LIFe6Ntsr1,LIFe4Rorb,0.3180164835022387,DirectionRule_EE,30.0,1.9,instanteneousExc.json,,
4759,100000121,LIFe6Ntsr1,e4Nr5a1,2.0,DirectionRule_EE,30.0,1.9,instanteneousExc.json,,
4760,100000121,LIFe6Ntsr1,e5noRbp4,2.0,DirectionRule_EE,30.0,1.8,instanteneousExc.json,,
4761,100000121,LIFe6Ntsr1,e6Ntsr1,0.754935587824297,DirectionRule_EE,30.0,1.8,instanteneousExc.json,,
4762,100000121,LIFe6Ntsr1,i6Htr3a,2.0,DirectionRule_others,90.0,1.5,instanteneousInh.json,,
4763,100000121,LIFe6Ntsr1,e4Rorb,0.8774652013512428,DirectionRule_others,90.0,1.5,instanteneousInh.json,,
4764,100000121,LIFe6Ntsr1,i5Htr3a,0.7444564566433077,DirectionRule_others,90.0,1.5,instanteneousInh.json,,
4765,100000121,LIFe6Ntsr1,i6Sst,0.754935587824297,DirectionRule_others,90.0,1.5,instanteneousInh.json,,
4766,100000121,LIFe6Ntsr1,i5Sst,0.0,DirectionRule_others,90.0,1.5,instanteneousInh.json,,
4767,100000121,LIFe6Ntsr1,LIFe5Rbp4,0.7539659700455513,DirectionRule_EE,30.0,1.8,instanteneousExc.json,,
4768,100000121,LIFe6Ntsr1,LIFi6Pvalb,0.09364848503703474,DirectionRule_others,90.0,0.9,instanteneousInh.json,,
4769,100000121,LIFe6Ntsr1,LIFe4Scnn1a,0.8022809350848676,DirectionRule_EE,30.0,1.9,instanteneousExc.json,,
4770,100000121,LIFe6Ntsr1,LIFe4other,0.09364848503703474,DirectionRule_EE,30.0,1.9,instanteneousExc.json,,
4771,100000121,LIFe6Ntsr1,LIFi5Pvalb,0.0,DirectionRule_others,90.0,0.9,instanteneousInh.json,,
4774,100000121,LIFe6Ntsr1,LIFe4Rorb,1.6937355950834674,DirectionRule_EE,30.0,1.9,instanteneousExc.json,,
4775,100000121,LIFe6Ntsr1,LIFe4Nr5a1,0.754935587824297,DirectionRule_EE,30.0,1.9,instanteneousExc.json,,
4776,100000121,LIFe6Ntsr1,LIFe5noRbp4,0.5411400527326888,DirectionRule_EE,30.0,1.8,instanteneousExc.json,,
4777,100000121,LIFe6Ntsr1,LIFe6Ntsr1,0.7444564566433077,DirectionRule_EE,30.0,1.8,instanteneousExc.json,,
4778,100000121,LIFe6Ntsr1,LIFi6Htr3a,0.7539659700455513,DirectionRule_others,90.0,1.5,instanteneousInh.json,,
4779,100000121,LIFe6Ntsr1,LIFi5Htr3a,0.7539659700455513,DirectionRule_others,90.0,1.5,instanteneousInh.json,,
4780,100000121,LIFe6Ntsr1,LIFi6Sst,0.8774652013512428,DirectionRule_others,90.0,1.5,instanteneousInh.json,,
4781,100000121,LIFe6Ntsr1,LIFi5Sst,0.7444564566433077,DirectionRule_others,90.0,1.5,instanteneousInh.json,,
4782,100000121,LIFe6Ntsr1,i1Htr3a,0.1119934460060303,DirectionRule_others,90.0,3.8,instanteneousInh.json,,
4783,100000121,LIFe6Ntsr1,LIFi1Htr3a,0.7539659700455513,DirectionRule_others,90.0,3.8,instanteneousInh.json,,
4784,100000121,LIFe6Ntsr1,i6Htr3a,0.8022809350848676,DirectionRule_others,90.0,1.5,instanteneousInh.json,,
4785,100000121,LIFe6Ntsr1,i5Htr3a,0.754935587824297,DirectionRule_EE,30.0,1.9,instanteneousExc.json,,
